City,IATA
Goroka,GKA
Madang,MAG
Mount Hagen,HGU
Nadzab,LAE
Port Moresby,POM
Wewak,WWK
Narssarssuaq,UAK
Godthaab,GOH
Sondrestrom,SFJ
Thule,THU
Akureyri,AEY
Egilsstadir,EGS
Hofn,HFN
Husavik,HZK
Isafjordur,IFJ
Keflavik,KEF
Patreksfjordur,PFJ
Reykjavik,RKV
Siglufjordur,SIJ
Vestmannaeyjar,VEY
Sault Sainte Marie,YAM
Winnipeg,YAV
Halifax,YAW
St. Anthony,YAY
Tofino,YAZ
Pelly Bay,YBB
Baie Comeau,YBC
Bagotville,YBG
Baker Lake,YBK
Campbell River,YBL
Brandon,YBR
Cambridge Bay,YCB
Nanaimo,YCD
Castlegar,YCG
Chatham,YCH
Charlo,YCL
Coppermine,YCO
Coronation,YCT
Chilliwack,YCW
Clyde River,YCY
Coral Harbour,YZS
Dawson,YDA
Burwash,YDB
Princeton,YDC
Deer Lake,YDF
Dease Lake,YDL
Dauphin,YDN
Dawson Creek,YDQ
Edmonton,YEG
Eskimo Point,YEK
Estevan,YEN
Edson,YET
Eureka,YEU
Inuvik,YEV
Iqaluit,YFB
Fredericton,YFC
Flin Flon,YFO
Fort Resolution,YFR
Fort Simpson,YFS
Kingston,YGK
La Grande Riviere,YGL
Gaspe,YGP
Geraldton,YGQ
Iles De La Madeleine,YGR
Hudson Bay,YHB
Dryden,YHD
Holman Island,YHI
Gjoa Haven,YHK
Hamilton,YHM
Montreal,YHU
Hay River,YHY
Halifax,YHZ
Atikokan,YIB
Pond Inlet,YIO
St. Jean,YJN
Stephenville,YJT
Kamloops,YKA
Waterloo,YKF
Schefferville,YKL
Kindersley,YKY
Toronto,YKZ
Chapleau,YLD
Meadow Lake,YLJ
Lloydminster,YLL
Alert,YLT
Kelowna,YLW
Mayo,YMA
Moose Jaw,YMJ
Fort Mcmurray,YMM
Moosonee,YMO
Maniwaki,YMW
Montreal,YMX
Natashquan,YNA
Gatineau,YND
Matagami,YNM
Old Crow,YOC
Cold Lake,YOD
High Level,YOJ
Ottawa,YOW
Prince Albert,YPA
Peace River,YPE
Portage-la-prairie,YPG
Pickle Lake,YPL
Port Menier,YPN
Peterborough,YPQ
Prince Pupert,YPR
Fort Chipewyan,YPY
Muskoka,YQA
Quebec,YQB
Red Deer Industrial,YQF
Windsor,YQG
Watson Lake,YQH
Kenora,YQK
Lethbridge,YQL
Moncton,YQM
Comox,YQQ
Regina,YQR
Thunder Bay,YQT
Grande Prairie,YQU
Yorkton,YQV
North Battleford,YQW
Gander,YQX
Sydney,YQY
Quesnel,YQZ
Resolute,YRB
Riviere Du Loup,YRI
Roberval,YRJ
Rocky Mountain House,YRM
Rankin Inlet,YRT
Sudbury,YSB
Sherbrooke,YSC
St. John,YSJ
Fort Smith,YSM
Nanisivik,YSR
Summerside,YSU
Sachs Harbour,YSY
Cape Dorset,YTE
Thompson,YTH
Trenton,YTR
Timmins,YTS
Toronto,YTZ
Tuktoyaktuk,YUB
Montreal,YUL
Repulse Bay,YUT
Hall Beach,YUX
Rouyn,YUY
La Ronge,YVC
Vermillion,YVG
Broughton Island,YVM
Val D'or,YVO
Quujjuaq,YVP
Norman Wells,YVQ
Vancouver,YVR
Buffalo Narrows,YVT
Wiarton,YVV
Petawawa,YWA
Winnipeg,YWG
Wabush,YWK
Williams Lake,YWL
Wrigley,YWY
Cranbrook,YXC
Edmonton,YXD
Saskatoon,YXE
Medicine Hat,YXH
Fort Saint John,YXJ
Sioux Lookout,YXL
Pangnirtung,YXP
Earlton,YXR
Prince George,YXS
Terrace,YXT
London,YXU
Abbotsford,YXX
Whitehorse,YXY
North Bay,YYB
Calgary,YYC
Smithers,YYD
Fort Nelson,YYE
Penticton,YYF
Charlottetown,YYG
Spence Bay,YYH
Victoria,YYJ
Lynn Lake,YYL
Swift Current,YYN
Churchill,YYQ
Goose Bay,YYR
St. John's,YYT
Kapuskasing,YYU
Armstrong,YYW
Mont Joli,YYY
Toronto,YYZ
Toronto,YZD
Gore Bay,YZE
Yellowknife,YZF
Slave Lake,YZH
Sandspit,YZP
Sarnia,YZR
Port Hardy,YZT
Whitecourt,YZU
Sept-iles,YZV
Teslin,YZW
Greenwood,YZX
Faro,ZFA
Fort Mcpherson,ZFM
Bejaja,BJA
Algier,ALG
Djanet,DJG
Boufarik,QFD
Illizi,VVZ
Tamanrasset,TMR
Jijel,GJL
Annaba,AAE
Constantine,CZL
Tebessa,TEE
Tilrempt,HRM
Tiaret,TID
Tindouf,TIN
Ech-cheliff,QAS
Oran,TAF
Tlemcen,TLM
Oran,ORN
Ghriss,MUW
Adrar,AZR
Biskra,BSK
El Golea,ELG
Ghardaia,GHA
Hassi Messaoud,HME
In Salah,INZ
Touggourt,TGR
Laghouat,LOO
Timimoun,TMX
Ouargla,OGX
Zarzaitine,IAM
Cotonou,COO
Ouagadougou,OUA
Bobo-dioulasso,BOY
Accra,ACC
Tamale,TML
Sunyani,NYI
Takoradi,TKD
Abidjan,ABJ
Bouake,BYK
Daloa,DJO
Korhogo,HGO
Man,MJC
San Pedro,SPY
Yamoussoukro,ASK
Abuja,ABV
Akure,AKR
Benin,BNI
Calabar,CBQ
Enugu,ENU
Gusau,QUS
Ibadan,IBA
Ilorin,ILR
Jos,JOS
Kaduna,KAD
Kano,KAN
Maiduguri,MIU
Makurdi,MDI
Lagos,LOS
Minna,MXJ
Port Hartcourt,PHC
Sokoto,SKO
Yola,YOL
Zaria,ZAR
Maradi,MFQ
Niamey,NIM
Tahoua,THZ
Agadez,AJY
Zinder,ZND
Monastir,MIR
Tunis,TUN
Gafsa,GAF
Gabes,GAE
Djerba,DJE
El Borma,EBM
Sfax,SFA
Tozeur,TOE
Niatougou,LRL
Lome,LFW
Antwerp,ANR
Brussels,BRU
Charleroi,CRL
Kortrijk-vevelgem,QKT
Liege,LGG
Ostend,OST
Bautzen,BBJ
Altenburg,AOC
Greencastle,4I7
Barth,BBH
Berlin,SXF
Dresden,DRS
Erfurt,ERF
Frankfurt,FRA
Munster,FMO
Hamburg,HAM
Berlin,THF
Cologne,CGN
Duesseldorf,DUS
Munich,MUC
Nuernberg,NUE
Leipzig,LEJ
Saarbruecken,SCN
Stuttgart,STR
Berlin,TXL
Hannover,HAJ
Bremen,BRE
Hahn,HHN
Mannheim,MHG
Hamburg,XFW
Kiel,KEL
Luebeck,LBC
Arnsberg,ZCA
Essen,ESS
Moenchengladbach,MGL
Paderborn,PAD
Dortmund,DTM
Augsburg,AGB
Oberpfaffenhofen,OBF
Friedrichshafen,FDH
Parchim,SZW
Stendal,ZSN
Bayreuth,BYU
Hof,HOQ
Koblenz,ZNV
Trier,ZQF
Speyer,ZQC
Donaueschingen,ZQL
Braunschweig,BWE
Kassel,KSF
Bremerhaven,BRV
Emden,EME
Wilhelmshaven,WVN
Borkum,BMK
Norderney,NRD
Flensburg,FLF
Westerland,GWT
Kardla,KDL
Kuressaare,URE
Parnu,EPU
Tallinn-ulemiste International,TLL
Tartu,TAY
Enontekio,ENF
Halli,KEV
Helsinki,HEM
Helsinki,HEL
Hyvinkaa,HYV
Ivalo,IVL
Joensuu,JOE
Jyvaskyla,JYV
Kauhava,KAU
Kemi,KEM
Kajaani,KAJ
Kruunupyy,KOK
Kuusamo,KAO
Kittila,KTT
Kuopio,KUO
Lappeenranta,LPP
Mariehamn,MHQ
Mikkeli,MIK
Oulu,OUL
Pori,POR
Rovaniemi,RVN
Savonlinna,SVL
Sodankyla,SOT
Tampere,TMP
Turku,TKU
Utti,QVY
Vaasa,VAA
Varkaus,VRK
Belfast,BFS
Enniskillen,ENK
Belfast,BHD
Londonderry,LDY
Birmingham,BHX
Coventry,CVT
Golouchestershire,GLO
Manchester,MAN
Newquai,NQY
Lyneham,LYE
Yeovilton,YEO
Cardiff,CWL
Swansea,SWS
Bristol,BRS
Liverpool,LPL
London,LTN
Plymouth,PLH
Bournemouth,BOH
Southampton,SOU
Lasham,QLA
Alderney,ACI
Guernsey,GCI
Jersey,JER
Shoreham By Sea,ESH
Biggin Hill,BQH
London,LGW
London,LCY
Farnborough,FAB
Blackbushe,BBS
London,LHR
Southend,SEN
Lydd,LYX
Manston,MSE
Carlisle,CAX
Blackpool,BLK
Humberside,HUY
Barrow Island,BWF
Leeds,LBA
Hawarden,CEG
Isle Of Man,IOM
Newcastle,NCL
Teesside,MME
East Midlands,EMA
Kirkwall,KOI
Sumburgh,LSI
Wick,WIC
Aberdeen,ABZ
Inverness,INV
Glasgow,GLA
Edinburgh,EDI
Islay,ILY
Prestwick,PIK
Benbecula,BEB
Scatsta,SDZ
Dundee,DND
Stornoway,SYY
Tiree,TRE
Leuchars,ADX
Lossiemouth,LMO
Cambridge,CBG
Norwich,NWI
London,STN
Exeter,EXT
Bristol,FZO
Oxford,OXF
Mildenhall,MHZ
Fairford,FFD
Brize Norton,BZZ
Odiham,ODH
Northolt,NHT
Coningsby,QCY
Honington,BEQ
Waddington,WTN
Marham,KNF
Mount Pleasant,MPN
Amsterdam,AMS
Maastricht,MST
Eindhoven,EIN
Groningen,GRQ
De Kooy,DHR
Leeuwarden,LWR
Rotterdam,RTM
Soesterberg,UTC
Enschede,ENS
Valkenburg,LID
Woensdrecht,WOE
Cork,ORK
Galway,GWY
Dublin,DUB
Connaught,NOC
Kerry,KIR
Shannon,SNN
Sligo,SXL
Waterford,WAT
Aarhus,AAR
Billund,BLL
Copenhagen,CPH
Esbjerg,EBJ
Karup,KRP
Odense,ODE
Copenhagen,RKE
Ronne,RNN
Soenderborg,SGD
Skrydstrup,SKS
Thisted,TED
Vagar,FAE
Stauning,STA
Aalborg,AAL
Luxemburg,LUX
Alesund,AES
Andoya,ANX
Alta,ALF
Bronnoysund,BNN
Bodo,BOO
Bergen,BGO
Batsfjord,BJF
Kristiansand,KRS
Bardufoss,BDU
Harstad/Narvik,EVE
Fagernes,VDB
Floro,FRO
Oslo,OSL
Haugesund,HAU
Hasvik,HAA
Kristiansund,KSU
Kirkenes,KKN
Farsund,FAN
Molde,MOL
Mosjoen,MJF
Lakselv,LKL
Notodden,NTB
Orland,OLA
Roros,RRS
Rygge,RYG
Svalbard,LYR
Skien,SKE
Stord,SRP
Sandnessjoen,SSJ
Tromso,TOS
Sandefjord,TRF
Trondheim,TRD
Stavanger,SVG
Gdansk,GDN
Krakow,KRK
Katowice,KTW
Poznan,POZ
Rzeszow,RZE
Szczecin,SZZ
Slupsk,OSP
Warsaw,WAW
Wroclaw,WRO
Zielona Gora,IEG
Ronneby,RNB
Gothenborg,GOT
Joenkoeping,JKG
Lidkoping,LDK
Gothenborg,GSE
Skovde,KVB
Trollhattan,THN
Karlskoga,KSK
Mora,MXX
Stockholm,NYO
Kristianstad,KID
Landskrona,JLD
Oskarshamn,OSK
Kalkmar,KLR
Malmoe,MMX
Halmstad,HAD
Vaxjo,VXO
Sveg,EVG
Gallivare,GEV
Hudiksvall,HUV
Kramfors,KRF
Lycksele,LYC
Sundsvall,SDL
Ornskoldsvik,OER
Kiruna,KRN
Skelleftea,SFT
Umea,UME
Vilhelmina,VHM
Arvidsjaur,AJR
Orebro,ORB
Vasteras,VST
Lulea,LLA
Stockholm,ARN
Stockholm,BMA
Borlange,BLE
Hultsfred,HLF
Gavle,GVX
Linkoeping,LPI
Norrkoeping,NRK
Visby,VBY
Spangdahlem,SPM
Ramstein,RMS
Giebelstadt,GHF
Celle,ZCN
Hanau,ZNF
Geilenkirchen,GKE
Laage,RLG
Fuerstenfeldbruck,FEL
Guetersloh,GUT
Alexander Bay,ALJ
Aggeneys,AGZ
Bisho,BIY
Bloemfontein,BFN
Cape Town,CPT
Durban,DUR
East London,ELS
Johannesburg,GCJ
George,GRJ
Hoedspruit,HDS
Johannesburg,JNB
Kimberley,KIM
Kleinsee,KLZ
Johannesburg,HLA
Ladysmith,LAY
Margate,MGH
Musina,MEZ
Newcastle,NCS
Oudtshoorn,DUH
Port Elizabeth,PLZ
Phalaborwa,PHW
Polokwane,PTG
Pietermaritzburg,PZB
Pilanesberg,NTY
Queenstown,UTW
Richard's Bay,RCB
Springbok,SBU
Sishen,SIS
Skukuza,SZK
Tzaneen,LTA
Ulundi,ULD
Upington,UTN
Umtata,UTT
Vryburg,VRU
Durban,VIR
Pretoria,PRY
Welkom,WEL
Francistown,FRW
Jwaneng,JWA
Kasane,BBK
Maun,MUB
Gaberone,GBE
Selebi-phikwe,PKW
Brazzaville,BZV
Owando,FTX
Ouesso,OUE
Pointe-noire,PNR
Manzini,MTS
Bangui,BGF
Berberati,BBT
Bata,BSG
Malabo,SSG
Plaisance,MRU
Rodriguez Island,RRG
Tiko,TKC
Douala,DLA
Maroua,MVR
Foumban,FOM
N'gaoundere,NGE
Garoua,GOU
Bafoussam,BFX
Bamenda,BPC
Yaounde,YAO
Livingstone,LVI
Lusaka,LUN
Mfuwe,MFU
Ndola,NLA
Southdowns,KIW
Moroni,HAH
Moheli,NWA
Anjouan,AJN
Dzaoudzi,DZA
St.-denis,RUN
St.-pierre,ZSE
Antananarivo,TNR
Miandrivazo,ZVA
Sainte Marie,SMS
Toamasina,TMM
Morondava,MOQ
Antsiranana,DIE
Mananara,WMR
Andapa,ZWA
Ambilobe,AMB
Antalaha,ANM
Analalava,HVA
Mahajanga,MJN
Nosy-be,NOS
Besalampy,BPY
Maroantsetra,WMN
Sambava,SVB
Vohemar,VOH
Antsohihy,WAI
Tolagnaro,FTU
Fianarantsoa,WFI
Farafangana,RVA
Manakara,WVK
Mananjary,MNJ
Morombe,MXM
Toliara,TLE
M'banza-congo,SSY
Benguela,BUG
Cabinda,CAB
Culebra Island,CPX
Huambo,NOV
Kuito,SVP
Luanda,LAD
Malanje,MEG
Menongue,SPP
Negage,GXG
Porto Amboim,PBN
Saurimo,VHC
Soyo,SZA
Lubango,SDD
Luena,LUO
Uige,UGO
Xangongo,XGN
Oyem,OYE
Okondja,OKN
Lambarene,LBQ
Bitam,BMM
Port Gentil,POG
Omboue Hospial,OMB
Makokou,MKU
Libreville,LBV
Franceville,MVB
Principe,PCP
Sao Tome,TMS
Beira,BEW
Inhambane,INH
Lichinga,VXC
Maputo,MPM
Mocimboa Da Praia,MZB
Nacala,MNC
Nampula,APL
Pemba,POL
Quelimane,UEL
Tete,TET
Vilankulu,VNX
Desroches,DES
Mahe,SEZ
Praslin,PRI
Abeche,AEH
Moundou,MQQ
N'djamena,NDJ
Faya-largeau,FYT
Bulawayo,BUQ
Chiredzi,BFO
Victoria Falls,VFA
Harare,HRE
Kariba,KAB
Masvingo,MVZ
Gwert,GWE
Hwange National Park,WKM
Blantyre,BLZ
Karonga,KGJ
Lilongwe,LLW
Mzuzu,ZZU
Maseru,MSU
Kinshasa,FIH
Kinshasa,NLO
Muanda,MNB
Bandoundu,FDU
Kikwit,KKW
Mbandaka,MDK
Gbadolite,BDT
Gemena,GMA
Lisala,LIQ
Kisangani,FKI
Isiro,IRP
Bunia,BUX
Bukavu/kavumu,BKY
Goma,GOM
Kindu,KND
Lubumashi,FBM
Kolwezi,KWZ
Kalemie,FMI
Kamina Base,KMN
Kananga,KGA
Mbuji-mayi,MJM
Bamako,BKO
Gao,GAQ
Kayes,KYS
Mopti,MZI
Tombouctou,TOM
Banjul,BJL
Fuerteventura,FUE
Hierro,VDE
Santa Cruz De La Palma,SPC
Gran Canaria,LPA
Las Palmas,ACE
Tenerife,TFS
Tenerife,TFN
Melilla,MLN
Freetown,FNA
Monrovia,MLW
Monrovia,ROB
Agadir,AGA
Tan Tan,TTA
Fes,FEZ
Er-rachidia,ERH
Meknes,MEK
Oujda,OUD
Rabat,RBA
Casablanca,CMN
Marrakech,RAK
Kentira,NNA
Ouarzazate,OZZ
Al Hociema,AHU
Tetouan,TTU
Tanger,TNG
Ziguinchor,ZIG
Cap Skiring,CSK
Kaolack,KLC
Dakar,DKR
St. Louis,XLS
Bakel,BXE
Kedougou,KGG
Tambacounda,TUD
Aioun El Atrouss,IEO
Tidjikja,TIY
Kiffa,KFA
Nema,EMN
Kaedi,KED
Nouakschott,NKC
Selibabi,SEY
Atar,ATR
Nouadhibou,NDB
Fira,FIG
Faranah,FAA
Labe,LEK
Amilcar Cabral,SID
Boa Vista,BVC
Maio,MMO
Sao Nocolau Island,SNE
Sao Vicente Island,VXE
Addis Ababa,ADD
Arba Minch,AMH
Axum,AXU
Bahar Dar,BJR
Dire Dawa,DIR
Gambella,GMB
Gondar,GDQ
Jimma,JIM
Lalibella,LLI
Makale,MQX
Asosa,ASO
Bujumbura,BJM
Hargeisa,HGA
Berbera,BBO
Kismayu,KMU
Dowagiac,C91
Alexandria,ALY
Abu Simbel,ABS
Cairo,CAI
Hurghada,HRG
El Gorah,EGR
Luxor,LXR
Mersa-matruh,MUH
Port Said,PSD
St. Catherine,SKV
Aswan,ASW
El-tor,ELT
Eldoret,EDL
Kisumu,KIS
Kitale,KTL
Cambridge,CDI
Lodwar,LOK
Lamu,LAU
Mombasa,MBA
Nairobi,WIL
Wajir,WJR
Ghat,GHT
Kufra,AKF
Benghazi,BEN
Sebha,SEB
Tripoli,TIP
Ghadames,LTD
Gisenyi,GYI
Kigali,KGL
Kamembe,KME
Dongola,DOG
El Fasher,ELF
Kassala,KSL
El Obeid,EBD
Juba,JUB
Malakal,MAK
Khartoum,KRT
Arusha,ARK
Dar Es Salaam,DAR
Dodoma,DOD
Iringa,IRI
Kilimanjaro,JRO
Lake Manyara,LKY
Mtwara,MYW
Mwanza,MWZ
Pemba,PMA
Tanga,TGT
Zanzibar,ZNZ
Entebbe,EBB
Dusseldorf,QDU
Soroti,SRT
Tirana,TIA
Bourgas,BOJ
Gorna Orechovica,GOZ
Plovdiv,PDV
Sofia,SOF
Varna,VAR
Larnaca,LCA
Paphos,PFO
Akrotiri,AKT
Dubrovnik,DBV
Osijek,OSI
Pula,PUY
Rijeka,RJK
Split,SPU
Zagreb,ZAG
Zadar,ZAD
Alicante,ALC
Almeria,LEI
Aviles,OVD
Cordoba,ODB
Bilbao,BIO
Barcelona,BCN
Badajoz,BJZ
La Coruna,LCG
Gerona,GRO
Granada,GRX
Ibiza,IBZ
Jerez,XRY
Murcia,MJV
Porto Heli,PKH
Madrid,MAD
Malaga,AGP
Menorca,MAH
Sevilla,OZP
Pamplona,PNA
Reus,REU
Salamanca,SLM
San Sebastian,EAS
Santiago,SCQ
Seo De Urgel,LEU
Madrid,TOJ
Valencia,VLC
Valladolid,VLL
Vitoria,VIT
Vigo,VGO
Santander,SDR
Zaragoza,ZAZ
Sevilla,SVQ
Calais,CQF
Le Tourquet,LTQ
Agen,AGF
Bordeaux,BOD
Bergerac,EGC
Cognac,CNG
Poitiers,PIS
Limoges,LIG
Niort,NIT
Toulouse,TLS
Pau,PUF
Tarbes,LDE
Angouleme,ANG
Brive,BVE
Perigueux,PGX
Biarritz-bayonne,BIQ
Arcachon,XAC
Albi,LBI
Castres,DCM
Rodez,RDZ
Royan,RYN
Rochefort,RCO
Colmar,CMR
Dole,DLE
Aubenas-vals-lanas,OBS
Le Puy,LPY
Bourg,XBK
Vilefrance,XVF
Moulins,XMU
Metz,ETZ
Bastia,BIA
Calvi,CLY
Figari,FSC
Ajaccio,AJA
Solenzara,SOZ
Auxerre,AUF
Chambery,CMF
Clermont-Ferrand,CFE
Bourges,BOU
Chalon,XCD
Annemasse,QNJ
Lyon,LYS
Macon,QNX
Roanne,RNE
Annecy,NCY
Grenoble,GNB
Montlucon,MCU
Valence,VAF
Vichy,VHY
Aurillac,AUR
Chateauroux,CHR
Lyon,LYN
Aix-les-milles,QXB
Cannes,CEQ
St-Etienne,EBU
Carcassonne,CCF
Marseille,MRS
Nice,NCE
Perpignan,PGF
Le Castellet,CTT
Montpellier,MPL
Beziers,BZR
Avignon,AVN
Mende,MEN
Beauvais,BVA
Le Havre,LEH
Orleans,ORE
Chalons,XCR
Rouen,URO
Tours,TUF
Cholet,CET
Laval,LVA
Paris,LBG
Creil,CSF
Paris,CDG
Toussous-le-noble,TNF
Paris,ORY
Pontoise,POX
Troyes,QYR
Nevers,NVS
Lille,LIL
Brest,BES
Cherbourg,CER
Dinard,DNR
Granville,GFR
Deauville,DOL
Lorient,LRT
La Roche-sur-yon,EDM
Caen,CFR
Le Mans,LME
Rennes,RNS
Lannion,LAI
Quimper,UIP
Nantes,NTE
St.-brieuc Armor,SBK
Morlaix,MXN
Vannes,VNE
St.-nazaire,SNR
Mulhouse,MLH
Dijon,DIJ
Metz,MZM
Epinal,EPL
Nancy,ENC
Reims,RHE
Strasbourg,SXB
Hyeres,TLN
Nimes,FNI
Miquelon,MQC
St.-pierre,FSP
Andravida,PYR
Agrinion,AGQ
Alexandroupolis,AXD
Nea Anghialos,VOL
Chios,JKH
Ioannina,IOA
Heraklion,HER
Kastoria,KSO
Kithira,KIT
Keffallinia,EFL
Kalamata,KLX
Kos,KGS
Karpathos,AOK
Kerkyra/corfu,CFU
Kasos,KSJ
Kavala,KVA
Kozani,KZI
Leros,LRS
Limnos,LXS
Larissa,LRA
Mykonos,JMK
Mytilini,MJT
Preveza,PVK
Rhodos,RHO
Patras,GPA
Chania,CHQ
Skiathos,JSI
Samos,SMI
Lympne,LYM
Thira,JTR
Sitia,JSH
Skiros,SKU
Thessaloniki,SKG
Zakynthos,ZTH
Budapest,BUD
Debrecen,DEB
Sturgeon Bay,SUE
Crotone,CRV
Bari,BRI
Foggia,FOG
Grottaglie,TAR
Lecce,LCC
Pescara,PSR
Brindisi,BDS
Lamezia,SUF
Catania,CTA
Lampedusa,LMP
Pantelleria,PNL
Palermo,PMO
Reggio Calabria,REG
Trapani,TPS
Sigonella,NSY
Alghero,AHO
Decimomannu,DCI
Cagliari,CAG
Olbia,OLB
Tortoli,TTB
Milano,MXP
Bergamo,BGY
Torino,TRN
Albenga,ALL
Genoa,GOA
Milan,LIN
Parma,PMF
Piacenza,QPZ
Stewartstown,0P2
Cuneo,CUF
Aviano,AVB
Bolzano,BZO
Bologna,BLQ
Treviso,TSF
Forli,FRL
Brescia,VBS
Ronchi De Legionari,TRS
Rimini,RMI
Vicenza,VIC
Padova,QPA
Villafranca,VRN
Venice,VCE
Siena,SAY
Rome,CIA
Rome,FCO
Marina Di Campo,EBA
Latina,QLT
Naples,NAP
Pisa,PSA
Florence,FLR
Grosseto,GRS
Perugia,PEG
Ljubljana,LJU
Maribor,MBX
Portoroz,POW
Karlovy Vary,KLV
Ostrava,OSR
Pardubice,PED
Prerov,PRV
Prague,PRG
Brno,BRQ
Tel-aviv,TLV
Beer-sheba,BEV
Elat,ETH
Haifa,HFA
Rosh Pina,RPN
Ovda,VDA
Tel-aviv,SDV
Malta,MLA
Graz,GRZ
Innsbruck,INN
Linz,LNZ
Salzburg,SZG
Vienna,VIE
Santa Maria (island),SMA
Braganca,BGC
Flores,FLW
Faro,FAO
Graciosa Island,GRW
Horta,HOR
Lajes (terceira Island),TER
Ponta Delgada,PDL
Pico,PIX
Porto,OPO
Porto Santo,PXO
Lisbon,LIS
Sao Jorge Island,SJZ
Vila Real,VRL
Pendleton,PDT
Mostar,OMO
Sarajevo,SJJ
Arad,ARW
Bacau,BCM
Baia Mare,BAY
Bucharest,BBU
Constanta,CND
Cluj-napoca,CLJ
Caransebes,CSB
Craiova,CRA
Iasi,IAS
Oradea,OMR
Bucharest,OTP
Sibiu,SBZ
Satu Mare,SUJ
Suceava,SCV
Tulcea,TCE
Tirgu Mures,TGM
Timisoara,TSR
Geneva,GVA
Sion,SIR
Lugano,LUG
Bern,BRN
Zurich,ZRH
Altenrhein,ACH
Samedan,SMV
Ankara,ESB
Ankara,ANK
Adana,ADA
Afyon,AFY
Antalya,AYT
Gaziantep,GZT
Konya,KYA
Merzifon,MZH
Sivas,VAS
Malatya,MLX
Kayseri,ASR
Denizli,DNZ
Istanbul,IST
Balikesir,BZI
Bandirma,BDM
Tyonek,TYE
Eskisehir,ESK
Izmir,ADB
Izmir,IGL
Dalaman,DLM
Riverton WY,RIW
Bodrum,BXN
Elazig,EZS
Diyabakir,DIY
Erzincan,ERC
Erzurum,ERZ
Trabzon,TZX
Montrose CO,MTJ
Van,VAN
Batman,BAL
Chisinau,KIV
Ohrid,OHD
Skopje,SKP
Gibraltar,GIB
Belgrade,BEG
Nis,INI
Podgorica,TGD
Pristina,PRN
Tivat,TIV
Bratislava,BTS
Kosice,KSC
Piestany,PZY
Sliac,SLD
Poprad,TAT
Bolingbrook,1CS
North Caicos,NCA
Providenciales,PLS
South Caicos,XSC
Samana,EPS
Barahona,BRX
La Romana,LRM
Punta Cana,PUJ
Puerto Plata,POP
Santo Domingo,SDQ
Santiago,STI
Coban,CBV
Guatemala City,GUA
La Ceiba,LCE
San Pedro Sula,SAP
Guanaja,GJA
Roatan,RTB
Tela,TEA
Tegucigalpa,TGU
Ocho Rios,OCJ
Kingston,KIN
Montego Bay,MBJ
Port Antonio,POT
Kingston,KTP
Acapulco,ACA
Monterrey,NTR
Aguascalientes,AGU
Huatulco,HUX
Cuernavaca,CVJ
Ciudad Del Carmen,CME
Culiacan,CUL
Chetumal,CTM
Ciudad Obregon,CEN
Campeche,CPE
Ciudad Juarez,CJS
Chihuahua,CUU
Ciudad Victoria,CVM
Kenosha,ENW
Cozumel,CZM
Durango,DGO
Tepic,TPQ
Ensenada,ESE
Guadalajara,GDL
Guaymas,GYM
Tehuacan,TCN
Hermosillo,HMO
Colima,CLQ
Isla Mujeres,ISJ
Saltillo,SLW
Lazard Cardenas,LZC
Los Mochis,LMM
Del Bajio,BJX
La Paz,LAP
Loreto,LTO
Matamoros,MAM
Merida,MID
Mexicali,MXL
Morelia,MLM
Minatitlan,MTT
Monclova,LOV
Mexico City,MEX
Monterrey,MTY
Mazatlan,MZT
Nogales,NOG
Nuevo Laredo,NLD
Oaxaca,OAX
Poza Rico,PAZ
Puebla,PBC
Pachuca,PCA
Punta Penasco,PPE
Piedras Negras,PDS
Uruapan,UPN
Puerto Vallarta,PVR
Puerto Escondido,PXM
Queretaro,QRO
Reynosa,REX
San Jose Del Cabo,SJD
San Luis Potosi,SLP
Tlaxcala,TXA
Torreon,TRC
Tuxtla Gutierrez,TGZ
Tijuana,TIJ
Tampico,TAM
Tamuin,TSL
Toluca,TLC
Tapachula,TAP
Cancun,CUN
Villahermosa,VSA
Vera Cruz,VER
Zacatecas,ZCL
Zihuatanejo,ZIH
Zamora,ZMM
Manzanillo,ZLO
Bluefields,BEF
Managua,MGA
Puerto Cabezas,PUZ
Bocas Del Toro,BOC
Changuinola,CHX
David,DAV
Howard,HOW
Panama,PAC
Panama City,PTY
Las Vegas,VGT
Coto 47,OTR
Golfito,GLF
Liberia,LIR
Limon,LIO
Nosara Beach,NOB
San Jose,SJO
Palmar Sur,PMZ
Quepos,XQP
San Salvador,SAL
Cap Haitien,CAP
Port-au-prince,PAP
Baracoa Playa,BCA
Bayamo,BYM
Ciego De Avila,AVI
Cienfuegos,CFG
Cayo Largo del Sur,CYO
Camaguey,CMW
Santiago De Cuba,SCU
Guantanamo,GAO
Havana,HAV
Holguin,HOG
La Coloma,LCL
Moa,MOA
Manzanillo,MZO
Nueva Gerona,GER
Santa Clara,SNU
Lake Geneva,C02
Varadero,VRA
Las Tunas,VTU
Cayman Barac,CYB
Georgetown,GCM
Andros Town,ASD
Marsh Harbor,MHH
San Andros,SAQ
Spring Point,AXP
Treasure Cay,TCB
Chub Cay,CCZ
Alice Town,BIM
De Kalb,DKB
Great Exuma,GGT
North Eleuthera,ELH
Governor's Harbor,GHB
Rock Sound,RSD
Freeport,FPO
Matthew Town,IGA
Dead Man's Cay,LGI
Stella Maris,SML
Mayaguana,MYG
Nassau,NAS
Cockburn Town,ZSA
Belize City,BZE
Aitutaki,AIT
Avarua,RAR
Nandi,NAN
Nausori,SUV
Tongatapu,TBU
Vava'u,VAV
Tarawa,TRW
Tabiteuea North,TBF
Maitland,MTL
Wallis,WLS
Faleolo,APW
Pago Pago,PPG
Rurutu,RUR
Tubuai,TUB
Anaa,AAA
Tikehau,TIH
Reao,REA
Fakarava,FAV
Manihi,XMH
Totegegie,GMR
Kaukura Atoll,KKR
Makemo,MKP
Puka Puka,PKP
Takapoto,TKP
Arutua,AXR
Mataiva,MVT
Takaroa,TKX
Nuku Hiva,NHV
Lafayette,LAF
Bora Bora,BOB
Rangiroa,RGI
Huahine Island,HUH
Moorea,MOZ
Hao Island,HOI
Maupiti,MAU
Raiatea Island,RFP
Port-vila,VLI
Kone,KNQ
Koumac,KOC
Lifou,LIF
Noumea,GEA
Mare,MEE
Touho,TOU
Ouvea,UVE
Noumea,NOU
Auckland,AKL
Taupo,TUO
Ardmore,AMZ
Christchurch,CHC
Chatham Island,CHT
Dunedin,DUD
Gisborne,GIS
Glentanner,MON
Hokitika,HKK
Hamilton,HLZ
Kerikeri,KKE
Kaitaia,KAT
Alexandra,ALR
Mount Cook,GTN
Manapouri,TEU
Masterton,MRO
New Plymouth,NPL
Nelson,NSN
Invercargill,IVC
Oamaru,OAM
Palmerston North,PMR
Paraparaumu,PPQ
Queenstown International,ZQN
Rotorua,ROT
Tauranga,TRG
Timaru,TIU
Woodbourne,BHE
Wanaka,WKA
Whakatane,WHK
Wellington,WLG
Whangarei,WRE
Westport,WSZ
Wanganui,WAG
Herat,HEA
Jalalabad,JAA
Kabul,KBL
Kandahar,KDH
Maimama,MMZ
Mazar-i-sharif,MZR
Kunduz,UND
Bahrain,BAH
Abha,AHB
Al-ahsa,HOF
El-baha,ABT
Bisha,BHH
Dammam,DMM
Dhahran,DHA
Gizan,GIZ
Gassim,ELQ
Guriat,URY
Hail,HAS
Jeddah,JED
King Khalid Mil.city,HBT
Madinah,MED
Nejran,EAM
Hafr Al-batin,AQI
Rafha,RAH
Riyadh,RUH
Arar,RAE
Sharurah,SHW
Mudgee,DGE
Sulayel,SLF
Tabuk,TUU
Taif,TIF
Turaif,TUI
Oxford,OXD
Wejh,EJH
Yenbo,YNB
Abadan,ABD
Masjed Soleiman,QMJ
Bandar Mahshahr,MRX
Ahwaz,AWZ
Bushehr,BUZ
Kish Island,KIH
Bandar Lengeh,BDH
Bakhtaran,KSH
Sanandaj,SDG
Rasht,RAS
Muncie,MIE
Teheran,THR
Bandar Abbas,BND
Kerman,KER
Birjand,XBJ
Airlie Beach,WSY
Ramsar,RZR
Rafaela,RAF
Shiraz,SYZ
Sabadell,QSA
Tabriz,TBZ
Yazd,AZD
Chah Bahar,ZBR
Zahedan,ZAH
Amman,AMM
Amman,ADJ
Aqaba,AQJ
Mafraq,OMF
Kuwait,KWI
Beirut,BEY
Abu Dhabi,AUH
Abu Dhabi,AZI
Myvatn,MVA
Dubai,DXB
Fujeirah,FJR
Ras Al Khaimah,RKT
Sharjah,SHJ
Khasab,KHS
Masirah,MSH
Muscat,MCT
Salalah,SLL
Thumrait,TTH
Lyon,XYD
Faisalabad,LYP
Gwadar,GWD
Gilgit,GIL
Karachi,KHI
Lahore,LHE
Muzaffarabad,MFG
Moenjodaro,MJD
Multan,MUX
Nawabshah,WNS
Panjgur,PJG
Pasni,PSI
Peshawar,PEW
Quetta,UET
Rahim Yar Khan,RYK
Islamabad,ISB
Rawala Kot,RAZ
Point Roberts,1RL
Sukkur,SKZ
Saidu Sharif,SDT
Sui,SUL
Talhar,BDN
Zhob,PZH
Basrah,BSR
Aleppo,ALP
Damascus,DAM
Deire Zor,DEZ
Latakia,LTK
Palmyra,PMS
Doha,DOH
Canton Island,CIS
Rota,ROP
Saipan,SPN
Andersen,UAM
Agana,GUM
West Tinian,TIQ
Scone,NSO
Majuro,MAJ
Kwajalein,KWA
Kiritimati,CXI
Midway,MDY
Chuuk,TKK
Pohnpei,PNI
Babelthuap,ROR
Kosrae,KSA
Yap,YAP
Kinmen,KNH
Pingtung,PIF
Fengnin,TTT
Green Island,GNI
Kaohsiung,KHH
Chiayi,CYI
Lanyu,KYD
Taichung,RMQ
Cessnock,CES
Tainan,TNN
Makung,MZG
Taipei,TSA
Taipei,TPE
Wang An,WOT
Hualien,HUN
Tokyo,NRT
Matsumoto,MMJ
Ibaraki,IBR
Iwojima,IWO
Nanki-shirahama,SHM
Obihiro,OBO
Sapporo,CTS
Hakodate,HKD
Chitose,SPK
Memanbetsu,MMB
Nakashibetsu,SHB
Wakkanai,WKJ
Iki,IKI
Yamaguchi,UBJ
Tsushima,TSJ
Monbetsu,MBE
Asahikawa,AKJ
Okushiri,OIR
Rishiri Island,RIS
Yakushima,KUM
Fukue,FUJ
Fukuoka,FUK
Tanegashima,TNE
Kagoshima,KOJ
Miyazaki,KMI
Oita,OIT
Kitakyushu,KKJ
Kumamoto,KMJ
Nagasaki,NGS
Amami,ASJ
Tokunoshima,TKN
Kanazawa,KMQ
Oki Island,OKI
Toyama,TOY
Hiroshima,HIJ
Okayama,OKJ
Izumo,IZO
Miho,YGJ
Kochi,KCZ
Matsuyama,MYJ
Osaka,ITM
Tottori,TTJ
Tokushima,TKS
Takamatsu,TAK
Aomori,AOJ
Yamagata,GAJ
Hanamaki,HNA
Akita,AXT
Misawa,MSJ
Sendai,SDJ
Sazena,LKS
Hachijojima,HAC
Oshima,OIM
Tokyo,HND
Yokota,OKO
Kwangju,KWJ
Yeosu,RSU
Sokch'o,SHO
Kangnung,KAG
Macomb,MQB
Cheju,CJU
Busan,PUS
Ulsan,USN
Seoul East,SSN
Osan,OSN
Seoul,GMP
Pohang,KPO
Taegu,TAE
Yechon,YEC
Okinawa,OKA
Kadena,DNA
Ishigaki,ISG
Kumejima,UEO
Minami Daito,MMD
Miyako,MMY
Kitadaito,KTD
Shimojishima,SHI
Yoron,RNJ
Yonaguni Jima,OGN
Manila,MNL
Mary,MYP
Cotabato,CBO
Ladag,CGY
Pagadian,PAG
Zamboanga,ZAM
Baguio,BAG
Tacloban,TAC
Bacolod,BCD
Oslo,GEN
Dumaguete,DGT
Iloilo,ILO
Kalibo,KLO
Wausau,AUW
Puerto Princesa,PPS
San Jose,SJI
Concordia,COC
Gualeguaychu,GHU
Parana,PRA
Rosario,ROS
Santa Fe,SFN
Buenos Aires,AEP
Cordoba,COR
La Plata,LPG
Mendoza,MDZ
Malargue,LGS
San Rafael,AFA
Catamarca,CTC
Santiago Del Estero,SDE
La Rioja,IRJ
Tucuman,TUC
San Julian,UAQ
Rio Cuarto,RCU
Villa Dolores,VDR
San Luis,LUQ
Corrientes,CNQ
Resistencia,RES
Formosa,FMA
Iguazu Falls,IGR
Paso De Los Libres,AOL
Posadas,PSS
Salta,SLA
Jujuy,JUJ
Oran,ORA
Portage,C47
El Bolson,EHL
Comodoro Rivadavia,CRD
Esquel,EQS
Trelew,REL
Viedma,VDM
Puerto Madryn,PMY
Puerto Deseado,PUD
Rio Grande,RGA
Rio Gallegos,RGL
Ushuaia,USH
San Julian,ULA
Perito Moreno,PMQ
Santa Cruz,RZA
Bahia Blanca,BHI
Ironwood,IWD
Mar Del Plata,MDQ
Neuquen,NQN
Mackinac Island,MCD
Santa Rosa,RSA
San Carlos De Bariloche,BRC
Tandil,TDL
Villa Gesell,VLG
San Martin Des Andes,CPC
Conceicao Do Araguaia,CDJ
Araracuara,AQA
Aracaju,AJU
Alta Floresta,AFL
Aracatuba,ARU
Belem,BEL
Bage,BGX
Belo Horizonte,PLU
Curitiba,BFH
Brasilia,BSB
Bauru,BAU
Boa Vista,BVB
Cascavel,CAC
Belo Horizonte,CNF
Campo Grande,CGR
Chapeco,XAP
Carolina,CLN
Criciuma,CCM
Campos,CAW
Corumba,CMG
Curitiba,CWB
Caravelas,CRQ
Caxias Do Sul,CXJ
Cuiaba,CGB
Cruzeiro do Sul,CZS
President Prudente,PPB
Manaus,MAO
Foz Do Iguacu,IGU
Florianopolis,FLN
Fernando Do Noronha,FEN
Fortaleza,FOR
Rio De Janeiro,GIG
Goiania,GYN
Sao Paulo,GRU
Altamira,ATM
Ilheus,IOS
Ipatinga,IPN
Imperatriz,IMP
Juiz De Fora,JDF
Joao Pessoa,JPA
Joinville,JOI
Campina Grande,CPV
Campinas,VCP
Lins,LIP
Londrina,LDB
Bom Jesus Da Lapa,LAZ
Maraba,MAB
Maringa,MGF
Montes Claros,MOC
Grand Marais,GRM
Maceio,MCZ
Macapa,MCP
Manicore,MNX
Navegantes,NVT
Santo Angelo,GEL
Natal,NAT
Porto Alegre,POA
Pocos De Caldas,POO
Passo Fundo,PFB
Pelotas,PET
Petrolina,PNZ
Porto Nacional,PNB
Ponta Pora,PMG
Porto Velho,PVH
Valparaiso,NPZ
Rio Branco,RBR
Recife,REC
Rio Grande,RIG
Rio De Janeiro,SDU
Ribeirao Preto,RAO
Rio De Janeiro,STU
Sao Jose Dos Campos,SJK
Sao Luis,SLZ
Sao Paulo,CGH
Sao Jose Do Rio Preto,SJP
Santos,SSZ
Salvador,SSA
Oriximina,TMT
Teresina,THE
Tefe,TFF
Tabatinga,TBT
Tucurui,TUR
Paulo Alfonso,PAV
Uruguaiana,URG
Uberlandia,UDI
Uberaba,UBA
Varginha,VAG
Vilhena,BVH
Vitoria,VIX
Piracununga,QPS
Arica,ARI
Balmaceda,BBA
Chile Chico,CCH
Calama,CJC
Punta Arenas,PUQ
Coyhaique,GXQ
Iquique,IQQ
Santiago,SCL
Antofagasta,ANF
Los Angeles,LSQ
Concepcion,CCP
Easter Island,IPC
Osorno,ZOS
La Serena,LSC
Temuco,ZCO
Puerto Montt,PMC
Chaiten,WCH
Valdivia,ZAL
Ambato,ATF
Coca,OCC
Cuenca,CUE
Galapagos,GPS
Guayaquil,GYE
Macas,XMS
Machala,MCH
Manta,MEC
Portoviejo,PVO
Quito,UIO
Salinas,SNC
Tarapoa,TPC
Tulcan,TUA
Asuncion,ASU
Armenia,AXM
Puerto Asis,PUU
Bucaramanga,BGA
Bogota,BOG
Barranquilla,BAQ
Bahia Solano,BSC
Buenaventura,BUN
Cucuta,CUC
Cartagena,CTG
Cali,CLO
Tumaco,TCO
Corozal,CZU
Barrancabermeja,EJA
Florencia,FLA
McCarthy,MXY
Guapi,GPI
Ibague,IBE
Ipiales,IPI
Leticia,LET
Medellin,EOH
Magangue,MGN
Monteria,MTR
Mitu,MVP
Manizales,MZL
Neiva,NVA
Ocana,OCV
Otu,OTU
Puerto Carreno,PCR
Pereira,PEI
Popayan,PPN
Pasto,PSO
Providencia,PVA
Rio Negro,MDE
Rio Hacha,RCH
San Jose Del Guaviare,SJE
Santa Marta,SMR
San Andres Island,ADZ
San Vincente De Caguan,SVI
Tame,TME
Arauca,AUC
Quibdo,UIB
Tulua,ULQ
Valledupar,VUP
Villavicencio,VVC
Bermejo,BJO
Cochabamba,CBB
Cobija,CIJ
La Paz,LPB
Potosi,POI
Puerto Suarez,PSZ
Sucre,SRE
Tarija,TJA
Trinidad,TDD
Santa Cruz,VVI
Yacuiba,BYC
Zandery,PBM
Cayenne,CAY
Seward,SWD
Pucallpa,PCL
Chimbote,CHM
Chiclayo,CIX
Ayacucho,AYP
Andahuaylas,ANS
Anta,ATA
Lima,LIM
Juanjui,JJI
Juliaca,JUL
Michigan City,MGC
Tumbes,TBP
Yurimaguas,YMS
Chachapoyas,CHH
Iquitos,IQT
Arequipa,AQP
Trujillo,TRU
Pisco,PIO
Tarapoto,TPP
Tacna,TCQ
Puerto Maldonado,PEM
Piura,PIU
Talara,TYL
Cuzco,CUZ
Montevideo,MVD
Salto,STY
Acarigua,AGV
Anaco,AAO
Barcelona,BLA
Barinas,BNS
Barquisimeto,BRM
Ciudad Bolivar,CBL
Canaima,CAJ
Carupano,CUP
Coro,CZE
Cumana,CUM
Guiria,GUI
Guanare,GUQ
Paraguana,LSP
La Fria,LFR
Maracaibo,MAR
Merida,MRD
Porlamar,PMV
Caracas,CCS
Maturin,MUN
Puerto Ayacucho,PYH
Puerto Cabello,PBL
Guayana,PZO
San Antonio,SVZ
Santo Domingo,STD
San Felipe,SFH
San Fernando De Apure,SFD
San Tome,SOM
Santa Barbara,STB
Tucupita,TUV
Valencia,VLN
Valera,VLV
Valle De La Pascua,VDP
Lethem,LTM
Antigua,ANU
Bridgetown,BGI
Canefield,DCF
Dominica,DOM
Fort-de-france,FDF
St. Martin,SFG
Pointe-a-pitre,PTP
Point Salines,GND
St. Thomas,STT
St. Croix Island,STX
Aguadilla,BQN
Fajardo,FAJ
San Juan,SIG
Mayaguez,MAZ
Ponce,PSE
San Juan,SJU
Basse Terre,SKB
Castries,SLU
Hewandorra,UVF
Oranjestad,AUA
Kralendijk,BON
Willemstad,CUR
Oranjestad,EUX
Philipsburg,SXM
The Valley,AXA
Scarborough,TAB
Port-of-spain,POS
Tortola,EIS
Allakaket,AET
Canouan Island,CIW
Mustique,MQS
Kingstown,SVD
Alma-ata,ALA
Tselinograd,TSE
Dzhambul,DMB
Bishkek,FRU
Osh,OSS
Chimkent,CIT
Yakutat,YAK
Uralsk,URA
Pavlodar,PWQ
Semiplatinsk,PLX
Aktyubinsk,AKX
Baku,GYD
Yakutsk,YKS
Mirnyj,MJZ
Blagoveschensk,BQS
Khabarovsk,KHV
Marquette,MQT
Provideniya Bay,PVS
Magadan,GDX
Pevek,PWE
Petropavlovsk,PKC
Yuzhno-sakhalinsk,UUS
Vladivostok,VVO
Chita,HTA
Bratsk,BTK
Irkutsk,IKT
Ulan-ude,UUD
Kiev,KBP
Donetsk,DOK
Dnepropetrovsk,DNK
Simferopol,SIP
Kiev,IEV
Lvov,LWO
Iron Mountain,IMT
Odessa,ODS
St. Petersburg,LED
Murmansk,MMK
Gomel,GME
Vitebsk,VTB
Kaliningrad,KGD
Minsk,MHP
Minsk 2,MSQ
Abakan,ABA
Barnaul,BAX
Kemorovo,KEJ
Omsk,OMS
Krasnodar,KRR
Makhachkala,MCX
Mineralnye Vody,MRV
Stavropol,STW
Rostov,ROV
Sochi,AER
Astrakhan,ASF
Volgograd,VOG
Chelyabinsk,CEK
Magnetiogorsk,MQF
Claris,GBZ
Nizhnevartovsk,NJC
Perm,PEE
Surgut,SGC
Yekaterinburg,SVX
Ashkhabad,ASB
Krasnovodsk,KRW
Dushanbe,DYU
Bukhara,BHK
Samarkand,SKD
Doha,IUD
Tashkent,TAS
Bryansk,BZK
Moscow,SVO
Tver,KLD
Voronezh,VOZ
Moscow,VKO
Syktyvkar,SCW
Kazan,KZN
Orenburg,REN
Ufa,UFA
Samara,KBY
Ahmedabad,AMD
Akola,AKD
Aurangabad,IXU
Mumbai,BOM
Bilaspur,PAB
Bhuj,BHJ
Belgaum,IXG
Baroda,BDQ
Bhopal,BHO
Bhaunagar,BHU
Daman,NMB
Goa,GOI
Indore,IDR
Jabalpur,JLR
Jamnagar,JGA
Kandla,IXY
Khajuraho,HJR
Kolhapur,KLH
Keshod,IXK
Nagpur,NAG
Nasik Road,ISK
Pune,PNQ
Porbandar,PBD
Rajkot,RAJ
Raipur,RPR
Sholapur,SSE
Surat,STV
Udaipur,UDR
Colombo,CMB
Colombo,RML
Galoya,GOY
Jaffna,JAF
Trinciomalee,TRR
Kirkuk,KIK
Phnom-penh,PNH
Siem-reap,REP
Agartala,IXA
Aizwal,AJL
Baghdogra,IXB
Bhubaneswar,BBI
Kolkata,CCU
Cooch-behar,COH
Dhanbad,DBD
Escanaba,ESC
Gaya,GAY
Imphal,IMF
Jamshedpur,IXW
Jorhat,JRH
Kailashahar,IXH
Silchar,IXS
Lilabari,IXI
Mohanbari,MOH
Patina,PAT
Ranchi,IXR
Rourkela,RRK
Vishakhapatnam,VTZ
Cox's Bazar,CXB
Chittagong,CGP
Ishurdi,IRD
Jessore,JSR
Rajshahi,RJH
Saidpur,SPD
Sylhet Osmani,ZYL
Dhaka,DAC
Hong Kong,HKG
Agra,AGR
Allahabad,IXD
Amritsar,ATQ
Varanasi,VNS
Kulu,KUU
Chandigarh,IXC
Dehra Dun,DED
Delhi,DEL
Gwalior,GWL
Jodhpur,JDH
Jaipur,JAI
Jaisalmer,JSA
Jammu,IXJ
Kanpur,KNU
Kota,KTU
Ludhiaha,LUH
Leh,IXL
Lucknow,LKO
Pathankot,IXP
Nainital,PGH
Srinagar,SXR
Satna,TNI
Balkhash,BXH
Luang Prabang,LPQ
Pakse,PKZ
Savannakhet,ZVK
Vientiane,VTE
Macau,MFM
Bhairawa,BWA
Kathmandu,KTM
Pokhara,PKR
Simara,SIF
Biratnagar,BIR
Agatti Island,AGX
Bangalore,BLR
Bellary,BEP
Vijayawada,VGA
Coimbatore,CJB
Kochi,COK
Calicut,CCJ
Cuddapah,CDP
Hyderabad,HYD
Madurai,IXM
Mangalore,IXE
Madras,MAA
Port Blair,IXZ
Pendicherry,PNY
Rajahmundry,RJA
Tirupeti,TIR
Tiruchirappalli,TRZ
Trivandrum,TRV
Thimphu,PBH
Male,MLE
Bangkok,DMK
Naha,NAH
Pattaya,UTP
Lampang,LPT
Phrae,PRH
Prachuap Khiri Khan,HHQ
Phitsanulok,PHS
Narathiwat,NAW
Krabi,KBV
Pattani,PAN
Ko Samui,USM
Phuket,HKT
Hat Yai,HDY
Trang,TST
Udon Thani,UTH
Sakon Nakhon,SNO
Loei,LOE
Fraser Island,OKB
Danang,DAD
Hanoi,HAN
Nhatrang,NHA
Ho Chi Minh City,SGN
Bamburi,BMQ
Heho,HEH
Kengtung,KET
Marion,MWA
Kyaukpyu,KYP
Lashio,LSH
Mandalay,MDL
Myeik,MGZ
Myitkyina,MYT
Mong Hsat,MOG
Putao,PBU
Sittwe,AKY
Thandwe,SNW
Tachilek,THL
Yangon,RGN
Ujung Pandang,UPG
Biak,BIK
Nabire,NBX
Timika,TIM
Jayapura,DJJ
Wamena,WMX
Merauke,MKQ
Gorontalo,GTO
Seoul,ICN
Palu,PLW
Manado,MDC
Poso,PSJ
Morotai Island,OTI
Ternate,TTE
Luwuk,LUW
Ambon,AMQ
Fak Fak,FKQ
Kaimana,KNG
Babo,BXB
Manokwari,MKW
Sorong,SOQ
Bintulu,BTU
Kuching,KCH
Limbang,LMN
Marudi,MUR
Miri,MYY
Sibu,SBW
Lahad Datu,LDU
Kota Kinabalu,BKI
Labuan,LBU
Tawau,TWU
Bandar Seri Begawan,BWN
Pekanbaru,PKU
Dumai,DUM
Jakarta,CGK
Gunung Sitoli,GNS
Padang,PDG
Medan,MES
Ketapang,KTG
Pontianak,PNK
Jambi,DJB
Bengkulu,BKS
Palembang,PLM
Rengat,RGT
Strymba,BZY
Banda Aceh,BTJ
Alor Setar,AOR
Kota Bahru,KBR
Kuantan,KUA
Kerteh,KTE
Ipoh,IPH
Johor Bahru,JHB
Kuala Lumpur,KUL
Pulau,LGK
Malacca,MKZ
Kuala Terengganu,TGG
Penang,PEN
Dili,DIL
Paya Lebar,QPG
Singapore,XSP
Singapore,SIN
Amberley,ABM
Alice Springs,ASP
Brisbane,BNE
Coolangatta,OOL
Cairns,CNS
Charlieville,CTL
Mount Isa,ISA
Maroochydore,MCY
Mackay,MKY
Prosserpine,PPP
Rockhampton,ROK
Townsville,TSV
Weipa,WEI
Avalon,AVV
Albury,ABX
Melbourne,MEB
Hobart,HBA
Launceston,LST
Melbourne,MBW
Melbourne,MEL
Adelaide,ADL
Perth,JAD
Karratha,KTA
Kalgoorlie,KGI
Kununurra,KNX
Learmonth,LEA
Port Hedland,PHE
Perth,PER
Woomera,UMR
Christmas Island,XCH
Sydney,BWU
Canberra,CBR
Coff's Harbour,CFS
Camden,CDU
Dubbo,DBO
Norfolk Island,NLK
Richmond,RCM
Sydney,SYD
Tamworth,TMW
Wagga Wagga,WGA
Beijing,PEK
Hailar,HLD
Tianjin,TSN
Taiyuan,TYN
Guangzhou,CAN
Changcha,CSX
Guilin,KWL
Nanning,NNG
Shenzhen,SZX
Zhengzhou,CGO
Wuhan,WUH
Pyongyang,FNJ
Lanzhou,ZGC
Xi'an,XIY
Ulan Bator,ULN
Kunming,KMG
Xiamen,XMN
Nanchang,KHN
Fuzhou,FOC
Hangzhou,HGH
Ninbo,NGB
Nanjing,NKG
Hefei,HFE
Qingdao,TAO
Shanghai,SHA
Yantai,YNT
Chongqing,CKG
Guiyang,KWE
Chengdu,CTU
Xichang,XIC
Kashi,KHG
Hotan,HTN
Urumqi,URC
Harbin,HRB
Hohenems,HOJ
Dalian,DLC
Shanghai,PVG
Tioman,TOD
Kuala Lumpur,SZB
Wajima,NTQ
Alexandria,HBE
Barter Island,BTI
Fort Wainwright,K03
Cape Lisburne,LUR
Point Lay,PIZ
Hilo,ITO
Orlando,ORL
Bettles,BTT
Clear Mews,Z84
Indian Mountains,UTO
Fort Yukon,FYU
Sparrevohn,SVW
Fort Richardson,FRN
Tatalina,TLJ
Cape Romanzof,CZF
Bedford,BED
St. Paul Island,SNP
Cape Newenham,EHM
Point Barrow,PBV
Iliamna,ILI
Port Moller,PTU
Big Mountain,BMX
Oscoda,OSC
Fort Ord,OAR
Sacramento,MHR
Fort Irwin,BYS
Twenty Nine Palms,NXP
Fort Smith,FSM
Anchorage,MRI
Grants,GNT
Ponca City,PNC
Hunter Aaf,SVN
Grand Forks,GFK
Pine Bluff,PBF
Milton,NSE
Hana,HNM
Prescott,PRC
Trenton,TTN
Boston,BOS
Fairfield,SUU
Rome,RME
Wendover,ENV
Mobile,BFM
Oakland,OAK
Omaha,OMA
Port Angeles,NOW
Kahului,OGG
Wichita,ICT
Kansas City,MCI
Madison,MSN
Dillingham,DLG
Harrison,HRO
Phoenix,PHX
Bangor,BGR
Fort Lauderdale,FXE
Longview,GGG
Andersen,AND
Spokane,GEG
Hollywood,HWO
San Francisco,SFO
Cutbank,CTB
Louisiana,ARA
Gainesville,GNV
Memphis,MEM
Douglas,DUG
Delta Junction,BIG
Waco,CNW
Annette Island,ANN
Caribou,CAR
Jacksonville,LRF
Redstone,HUA
Fort Bragg,POB
Dalhart,DHT
Del Rio,DLF
Los Angeles,LAX
Anniston,ANB
Cleveland,CLE
Dover,DOV
Cincinnati,CVG
Fort Meade,FME
China,NID
Huron,HON
Juneau,JNU
Lafayette,LFT
Newark,EWR
Boise,BOI
Indian Springs,INS
Garden City,GCK
Minot,MOT
Wahiawa,HHI
Montgomery,MXF
Robinson,RBM
Dallas,DAL
Fort Carson,FCS
Helena,HLN
Miramar,NKX
Phoenix,LUF
Mary Esther,HRT
Hawthorne,HHR
Houlton,HUL
Enid,END
Point Mugu,NTD
Edwards Afb,EDW
Lake Charles,LCH
Kona,KOA
Myrtle Beach,MYR
Lemoore,NLC
Nantucket,ACK
Fort Eustis,FAF
Hopkinsville,HOP
Washington,DCA
Patuxent River,NHK
Palacios,PSX
Blytheville,BYH
Atlantic City,ACY
Oklahoma City,TIK
Elizabeth City,ECG
Pueblo,PUB
Presque Isle,PQI
Kirtland A.f.b.,IKR
Fort Lewis,GRF
Kodiak,ADQ
Opolu,UPP
Fort Lauderdale,FLL
Muskogee,MKO
International Falls,INL
Salt Lake City,SLC
Childress,CDS
Biloxi,BIX
Fort Benning,LSF
Kingsville,NQI
Fort Riley,FRI
Harrisburg,MDT
Lincoln,LNK
Lansing,LAN
Kamuela,MUE
Massena,MSS
Hickory,HKY
St. Petersburg,SPG
Fort Myers,FMY
Houston,IAH
Millinocket,MLT
Camp Springs,ADW
Winston-salem,INT
Victorville,VCV
Crestview,CEW
Fort Drum,GTB
Port Huron,PHN
Bakersfield,BFL
El Paso,ELP
Harlingen,HRL
Columbia,CAE
Tucson,DMA
Pensacola,NPA
Pensacola,PNS
Red River,RDR
Houston,HOU
Buckley,BKF
Northway,ORT
Palmer,PAQ
Pittsburgh,PIT
Barrow,BRW
Houston,EFD
Whidbey Island,NUW
Alice,ALI
Valdosta,VAD
Miami,MIA
Seattle,SEA
Chattanooga,CHA
Stratford,BDR
Jackson,JAN
Galveston,GLS
Long Beach,LGB
Dillingham,HDH
Williamsport,IPT
Indianapolis,IND
Knobnoster,SZL
Akron,AKC
Greenwood,GWO
White Plains,HPN
West Hampton Beach,FOK
Jonesboro,JBR
Tonopah,TNX
West Palm Beach,LNA
San Diego,NZY
El Paso,BIF
Yuma,YUM
Carlsbad,CNM
Duluth,DLH
Bethel,BET
Louisville,LOU
Fort Huachuca,FHU
Lihue,LIH
Terre Haute,HUF
Havre,HVR
Grant County Airport,MWH
Montpelier,MPV
Richmond,RIC
Shreveport,SHV
Cordova,CDV
Norfolk,ORF
Beaumont,BPT
Savannah,SAV
Ogden,HIF
Nome,OME
San Luis,SPB
St. Petersburg,PIE
Macon,MNM
Conroe,CXO
Deadhorse,SCC
San Antonio,SAT
Rochester,ROC
Coco Beach,COF
Teterboro,TEB
Rapid City,RCA
Raleigh-durham,RDU
Dayton,DAY
Kenai,ENA
Mcalester,MLC
Niagara Falls,IAG
Bryan,CFD
Newport News,PHF
Alexandria,ESF
Altus,LTS
Tucson,TUS
Minot,MIB
Marysville,BAB
Kankakee,IKK
Goldsboro,GSB
Providence,PVD
Salisbury,SBY
Rancho Murieta,RIU
Burbank,BUR
Detroit,DTW
Tampa,TPA
Pembina,PMB
Fort Polk,POE
Fairbanks,EIL
Hibbing,HIB
Lufkin,LFK
Midland,MAF
Green Bay,GRB
Ardmore,ADM
Wrightstown,WRI
Cherry Point,NKT
Santa Barbara,SBO
Bush Field,AGS
Williston,ISN
Little Rock,LIT
Newburgh,SWF
Baudette,BDE
Sacramento,SAC
Homer,HOM
Fort Leonardwood,TBN
Marietta,MGE
Spokane,SKA
Houghton Lake,HTL
Panama City,PAM
Dallas-Fort Worth,DFW
Melbourne,MLB
Tacoma,TCM
Austin,AUS
Columbus,LCK
Knoxville,TYS
Fort Hood,HLR
St. Louis,STL
Millville,MIV
Wichita Falls,SPS
Cincinnati,LUK
Atlanta,ATL
Merced,MER
Sacramento,MCC
Grand Rapids,GRR
Wink,INK
Fresno,FAT
Vero Beach,VRB
Imperial,IPL
Nashville,BNA
Laredo,LRD
Anchorage,EDF
Kotzebue,OTZ
Altoona,AOO
Abilene,DYS
El Dorado,ELD
New York,LGA
Tallahassee,TLH
West Chicago,DPA
Waco,ACT
Augusta,AUG
Hillsboro,INJ
Jacksonville,NIP
Jackson,MKL
Molokai,MKK
Fort Knox,FTK
San Angelo,SJT
Calexico,CXL
Chico,CIC
Burlington,BTV
Jacksonville,JAX
Durango,DRO
Washington,IAD
College Station,CLL
Spokane,SFF
Milwaukee,MKE
Abilene,ABI
Columbia,COU
Portland,PDX
Miami,TNT
West Palm Beach,PBI
Fort Worth,FTW
Ogdensburg,OGS
Falmouth,FMH
Seattle,BFI
San Antonio,SKF
Honolulu,HNL
Des Moines,DSM
New Bern,EWN
San Diego,SAN
Monroe,MLU
Sumter,SSC
Ontario,ONT
Greenvile,GVT
Roswell,ROW
Detroit,DET
Brownsville,BRO
Dothan,DHN
Wildwood,WWD
Fallon,NFL
Mount Clemens,MTC
Farmington,FMN
Corpus Christi,CRP
Syracuse,SYR
Key West,NQX
Chicago,MDW
San Jose,SJC
Hobbs,HOB
Philadelphia,PNE
Denver,DEN
Philadelphia,PHL
Sioux City,SUX
Macon,MCN
Truth Or Consequences,TCS
Palmdale,PMD
San Antonio,RND
El Centro,NJK
Columbus,CMH
Fayetteville,FYV
Fort Sill,FSI
Princeton,PNM
Dayton,FFO
Galena,GAL
Mineral Wells,MWL
Wichita,IAB
New Orleans,NBG
Beaufort,BFT
Texarkana,TXK
Plattsburgh,PBG
Aberdeen,APG
Tucumcari,TCC
Anchorage,ANC
Killeen,GRK
Zuni Pueblo,ZUN
Bellingham,BLI
Millington,NQA
Elkins,EKN
Hartford,HFD
Smithfield,SFZ
Mobile,MOB
Mountain View,NUQ
Santa Fe,SAF
Barking Sands,BKH
Deridder,DRI
Bradshaw Field,BSF
Nogales,OLS
Tampa,MCF
Belleville,BLV
Miami,OPF
Del Rio,DRT
Fort Myers,RSW
King Salmon,AKN
Muir,MUI
Lahania-kapalua,JHM
New York,JFK
Homestead,HST
Riverside,RAL
Fort Leavenworth,FLV
Wallops Island,WAL
Alamogordo,HMN
Willow Grove,NXX
Cheyenne,CYS
Stockton,SCK
Charleston,CHS
Reno,RNO
Ketchikan,KTN
Detroit,YIP
Lompoc,VBG
Birmingham,BHM
Lakehurst,NEL
Shemya,SYA
Las Vegas,LSV
Riverside,RIV
Modesto,MOD
Sacramento,SMF
Chicago,UGN
Colorado Springs,COS
Buffalo,BUF
Sandusky,SKY
Everett,PAE
Mountain Home,MUO
Cedar City,CDC
Windsor Locks,BDL
Mcallen,MFE
Norfolk,NGU
Chicopee Falls,CEF
Lubbock,LBB
Chicago,ORD
Boca Raton,BCT
Fairbanks,FAI
Quantico,NYG
Clovis,CVS
Kaneohe Bay,NGF
Omaha,OFF
Gulkana,GKN
Watertown,ART
Palm Springs,PSP
Amarillo,AMA
Fort Dodge,FOD
Shreveport,BAD
Topeka,FOE
Cotulla,COT
Wilmington,ILM
Baton Rouge,BTR
Meridian,NMM
Tyler,TYR
Baltimore,BWI
Hobart,HBR
Lanai,LNY
Alexandria,AEX
White Sands,WSD
Cold Bay,CDB
Tulsa,TUL
Sitka,SIT
Islip,ISP
Minneapolis,MSP
Wilmington,ILG
Unalaska,DUT
New Orleans,MSY
Portland,PWM
Oklahoma City,OKC
Albany,ALB
Valdez,VDZ
Hampton,LFI
Santa Ana,SNA
Colombus,CBM
Kendall-tamiami,TMB
Oceana,NTU
Peru,GUS
Casper,CPR
Valparaiso,VPS
Selma,SEM
Key West,EYW
Charlotte,CLT
Las Vegas,LAS
Orlando,MCO
Florence,FLO
Great Falls,GTF
Youngstown,YNG
Fort Wainwright,FBK
Mackminnville,MMV
Macon,WRB
Bangkok,BKK
Kendari,KDI
Sabang,SBG
Malang,MLG
Bandung,BDO
Cirebon,CBN
Yogyakarta,JOG
Cilacap,CXP
Jakarta,PCB
Semarang,SRG
Batam,BTH
Tanjung Pandan,TJQ
Pangkal Pinang,PGK
Tanjung Pinang,TNJ
Singkep,SIQ
Banjarmasin,BDJ
Pangkalan Bun,PKN
Palangkaraya,PKY
Maumere,MOF
Ende,ENE
Ruteng,RTG
Kupang,KOE
Labuhan Bajo,LBJ
Balikpapan,BPN
Taraken,TRK
Samarinda,SRI
Mataram,AMI
Bima,BMU
Waingapu,WGP
Surabaya,SUB
Solo City,SOC
Chiang Mai,CNX
Chiang Rai,CEI
Nakhon Si Thammarat,NST
Denpasar,DPS
Nakhon Ratchasima,NAK
Nakhon Phanom,KOP
Ubon Ratchathani,UBP
Khon Kaen,KKC
Sukhothai,THS
Athens,ATH
Nagoya,NGO
Kobe,UKB
Pullman,PUW
Lewiston,LWS
Elmira,ELM
Ithaca,ITH
Monterey,MRY
Santa Barbara,SBA
Daytona Beach,DAB
Liepaja,LPX
Riga,RIX
Siauliai,SQQ
Barysiai,HLJ
Kaunas,KUN
Palanga,PLQ
Vilnius,VNO
Panevezys,PNV
Yerevan,EVN
Gyumri,LWN
Assab,ASA
Asmara,ASM
Massawa,MSW
Gaza,GZA
Mukalla,RIY
Batumi,BUS
Kutaisi,KUT
Tbilisi,TBS
Taiz,TAI
Hodeidah,HOD
Aden,ADE
Ataq,AXK
Al Ghaidah Intl,AAY
Sanaa,SAH
Memmingen,FMM
Beihan,BHN
Socotra,SCT
Nevsehir,NAV
Buenos Aires,EZE
Erbil,EBL
Emerald,EMD
Osaka,KIX
New York,JRB
Tagbilaran,TAG
Ilulissat,JAV
Qasigiannguit,JCH
Aasiaat,JEG
Palma de Mallorca,PMI
Darwin,DRW
Surat Thani,URT
Nyuang U,NYU
Caticlan,MPH
Bimini,NSB
Talkeetna,TKA
Gozo,GZM
New Haven,HVN
Asheville,AVL
Greensboro,GSO
Sioux Falls,FSD
Uluru,AYQ
Manchester NH,MHT
Naples,APF
Redang,RDN
Louisville,SDF
Charlottesville VA,CHO
Roanoke VA,ROA
Lexington KY,LEX
Evansville,EVV
Albuquerque,ABQ
Bozeman,BZN
Billings,BIL
Butte,BTM
Traverse City,TVC
Flores,FRS
Bar Harbor,BHB
Rockland,RKD
Jacksn Hole,JAC
Rockford,RFD
Moscow,DME
Sanya,SYX
Milford Sound,MFN
New York,TSS
Lijiang,LJG
Greenville,GSP
Cologne,QKL
Stuttgart,ZWS
Bloomington,BMI
Gulfport,GPT
Kalamazoo,AZO
Toledo,TOL
Fort Wayne,FWA
Decatur,DEC
Cedar Rapids,CID
La Crosse,LSE
Wassau,CWA
Peoria,PIA
Appleton,ATW
Rochester,RST
Champaign,CMI
Manhattan,MHK
Kingscote,KGC
Hervey Bay,HVB
Basel,BSL
Dali,DLU
Jinghong,JHG
Mulu,MZV
Sharm El Sheikh,SSH
Franklin,FKL
Nairobi,NBO
Seronera,SEU
El Calafate,FTE
Armidale,ARM
Grand Junction,GJT
Saint George,SGU
Houston,DWH
Port O\\'Connor,S46
Sarasota,SRQ
Van Nuys,VNY
Bermuda,BDA
Titusville,X21
Moline,MLI
Panama City,PFN
Honiara,HIR
Papeete,PPT
Nauru,INU
Funafuti,FUN
Novosibirsk,OVB
Orlando,DWS
Phon Savan,XKH
Hue,HUI
Bismarck,BIS
Telluride,TEX
Yinchuan,INC
Mae Hong Son,HGN
Rapid City,RAP
Carlsbad,CLD
Flint,FNT
Davao,DVO
Funchal,FNC
Santarem,STM
Sihanoukville,KOS
Ekati,YOA
NAPIER,NPE
Levuka,LEV
Lhasa,LXA
Redding,RDD
Eugene,EUG
Idaho Falls,IDA
Medford,MFR
Kaikoura,KBZ
Redmond-Bend,RDM
Picton,PCN
Windhoek,WDH
Victoria,YWH
Vancouver,CXH
Jinan,TNA
Changzhou,CZX
Yibin,YBP
Tyumen,TJM
Akron,CAK
Huntsville,HSV
PARKERSBURG,PKB
MONTGOMERY,MGM
BRISTOL,TRI
PADUCAH,PAH
Samara,KUF
Djibouti,JIB
Haikou,HAK
Mafia Island,MFA
Kalispell,FCA
Page,PGA
Utila,UII
Santa Elena de Uairen,SNV
Saginaw,MBS
Binghamton,BGM
Baghdad,BGW
Nan,NNT
Roi Et,ROI
Buri Ram,BFV
Ranong,UNN
Trat,TDX
Blythe,BLH
Angeles City,CRK
Sandakan,SDK
Luang Namtha,LXG
Muang Xay,ODY
Shenyang,SHE
Dongying,DOY
Geralds,MNI
Petersburg,PSG
Luoyang,LYA
Xuzhou,XUZ
Isfahan,IFN
Magwe,MWQ
Khamti,KHM
Dalat,DLI
Dong Hoi,VDH
Rach Gia,VKG
Ca Mau,CAH
Chu Lai,VCL
Tuy Hoa,TBB
Pai,PYY
Brac,BWK
Yaounde,NSI
Conakry,CKY
Aachen,AAH
Karlsruhe/Baden-Baden,FKB
Sanford,SFB
Phu Quoc,PQC
Johnstown,JST
Lukla,LUA
Bhojpur,BHP
Lamidanda,LDN
Jomsom,JMO
Manang,NGX
Phaplu,PPL
Thamkharka,TMK
Rumjatar,RUM
Dang,DNP
Rukumkot,RUK
Jumla,JUM
Chaurjhari,HRJ
Taplejung,TPJ
Tumling Tar,TMI
Surkhet,SKH
Simikot,IMK
Dolpa,DOP
Bajhang,BJH
Dhangarhi,DHI
Muan,MWX
Astypalaia,JTY
Ikaria,JIK
Kalymnos,JKL
Milos,MLO
Cyclades Islands,JNX
Paros,PAS
Kastelorizo,KZS
Marsa Alam,RMF
Weeze,NRN
Busuanga,USU
Butuan,BXU
Dipolog,DPL
Laoag,LAO
Legazpi,LGP
Ozamis,OZC
Zweibruecken,ZQW
Cebu,CEB
Norden,NOE
Juist,JUI
Porto Seguro,BPS
Gounda,GDA
Palmas,PMW
Caldas Novas,CLV
Missoula,MSO
Blackall,BKQ
Bundaberg,BDB
Grand Canyon,GCN
Sugar Land,SGR
Hayman Island,HIS
Denver,APA
Clovis,CVN
Fort Stockton,FST
Las Vegas,LVS
Houston,IWS
La Junta,LHX
Las Cruces,LRU
Breckenridge,BKD
Temple,TPL
Ozona,OZA
Athens,HEW
Waikoloa Village,WKL
Kaadedhdhoo,KDM
Aklavik,LAK
Deline,YWJ
Tulita,ZFN
Fort Good Hope,YGH
Tanna,TAH
Paulatuk,YPC
Santa Cruz,SRZ
Kulusuk,KUS
Saba,SAB
Vail,EGE
Stokmarknes,SKN
Richmond Heights,CGF
Mansfield,MFD
Columbus,CSG
Lawton,LAW
Fort Collins,FNL
Flagstaff,FLG
South Lake Tahoe,TVL
Twin Falls,TWF
Monaco,MCM
Vineyard Haven MA,MVY
Newport RI,UUU
Springfield VT,VSF
Concord NH,CON
Sanford ME,SFM
Groton CT,GON
Saint Cloud,STC
Bagan,BPE
Columbus Mississippi,GTR
Nizhniy Novgorod,GOJ
Hoquiam,HQM
Erie,ERI
Barnstable,HYA
San Pedro,SPR
Sedona,SDX
Morgantown,MGW
Charleston,CRW
Scranton,AVP
Bemidji,BJI
Baku,BAK
Biloela,THG
Apia,FGI
Ballina Byron Bay,BNK
Fargo,FAR
Kansas City,MKC
Mesa,AZA
Ratanakiri,RBE
Gillette,GCC
Tomsk,TOF
Santa Ana,NZJ
Phetchabun,PHY
Chumphon,CJM
Jiuzhaigou,JZH
Shantou,SWA
Georgetown,GEO
Ciudad del Este,AGT
Georgetown,OGL
Kaieteur,KAI
Dunhuang,DNH
Ancona,AOI
East Tawas,ECA
Copiapo,CPO
Taba,TCP
Little Cayman,LYB
Bodrum,BJV
Tabarka,TBJ
Istanbul,SAW
State College Pennsylvania,SCE
Broome,BME
Newcastle,NTL
Klagenfurt,KLU
Ciudad Guayana,CGU
Hammerfest,HFT
Honningsvag,HVG
Mehamn,MEH
Vadso,VDS
Tehran,IKA
Mashhad,MHD
Egelsbach,QEF
Ust Ilimsk,UIK
Mudanjiang,MDG
Meridian,MEI
Springfield,SPI
Haskovo,HKV
Cortez,CEZ
Hayden,HDN
Gallup,GUP
Liberal,LBL
Lamar,LAA
Goodland,GLD
Cody,COD
Orsta-Volda,HOV
ST MARY\\'S,ISC
Springfield,SGF
Narvik,NVK
Berlevag,BVG
Oslo,FBU
Norilsk,NSK
Anapa,AAQ
Joplin,JLN
Allentown,ABE
Bentonville,XNA
Atyrau,GUW
Kzyl-Orda,KZO
South Bend,SBN
Moscow,BKA
Arkhangelsk,ARH
Saratov,RTW
Novy Urengoy,NUX
Noyabrsk,NOJ
Washington,ZWU
Aktau,SCO
Ukhta,UCT
Usinsk,USK
Pechora,PEX
Naryan-Mar,NNM
Pskov,PKV
Kogalym,KGP
Krasnoyarsk,KJA
Karaganda,KGF
Uraj,URJ
Turkmenabat,CRZ
Ivanovo,IWA
Changchun,CGQ
Niigata,KIJ
Johnston Island,JON
Fort Wayne IN,SMD
Arcata CA,ACV
Austin TX,ATT
Jacksonville NC,OAJ
Tuscaloosa AL,TCL
Dubuque IA,DBQ
Forde,FDE
Yakutia,PYJ
Nakhchivan,NAJ
Ganja,KVD
Ust Kamenogorsk,UKK
Petropavlosk,PPK
Grand Bourg,GBJ
St-François,SFC
Codrington,BBQ
Ji-Paraná,JPR
Maracay,MYC
Nazca,NZA
Cajamarca,CJA
Gatokae,GTA
Boorama,BXX
Mucuri,MVS
Paramaribo,ORG
Reyes,REY
Puerto Rico/Manuripi,PUR
Yopal,EYP
Esmeraldas,ESM
Pucon,ZPC
Toledo,TOW
Santa Maria,RIA
Lençóis,LEC
Goulburn,GUL
Juazeiro Do Norte,JDO
Santa Teresita,SST
Gobernador Gregores,GGS
San Antonio Oeste,OES
Las Heras,LHS
Tartagal,TTG
Masbate,MBT
Catarman,CRM
Jolo,JOL
Camiguin,CGM
Cuyo,CYU
Chongju,CJJ
Sacheon,HIN
Wonju,WJU
Mokpo,MPK
Kunsan,KUV
Miyakejima,MYE
Shonai,SYO
Odate Noshiro,ONJ
Fukushima,FKS
Iwami,IWJ
Nagoya,NKM
Saga,HSG
Sapporo,OKD
Kushiro,KUH
Matsu Islands,MFK
Hengchun,HCN
Matsu Islands,LZN
Eniwetok Atoll,ENT
Molokai,LUP
El Nido,ENI
Wipim,WPM
Baimuru,VMU
Nuku,UKU
Tufi,TFI
Suki,SKC
Balimo,OPU
Obo,OBX
Losuia,LSA
Londolovit,LNV
Lake Murray,LMY
Kamusi,KUY
Kokoda,KKD
Kandrian,KDR
Jacquinot Bay,JAQ
Nissan Island,IIS
Ihu,IHU
Gasmata Island,GMI
Aitape,ATP
Wrangell,WRG
Chevak,VAK
Aniak,ANI
Mountain Village,MOU
Mcgrath,MCG
Kalskag,KLG
Haines,HNS
Holy Cross,HCR
Skagway,SGY
Gustavus,GST
Adak Island,ADK
Boca de Sábalo,SAX
Contadora Island,OTD
El Real,ELE
Bahia Piña,BFQ
Sayun Intl,GXF
Kamishly,KAC
Sulaymaniyah,ISU
Turbat,TUK
Sehwan Sharif,SYW
Skardu,KDU
Parachinar,PAJ
Ormara Raik,ORW
Khuzdar,KDD
Hyderabad,HDD
Jiwani,JIW
Dera Ismael Khan,DSK
Dera Ghazi Khan,DEA
Dalbandin,DBA
Chitral,CJL
Bahawalpur,BHV
Bannu,BNP
Al Ain,AAN
Uromiyeh,OMH
Ardabil,ADU
Lar,LRR
Dasht-e-naz,SRY
Noshahr,NSH
Sabzevar,AFZ
Bojnourd,BJB
Rafsanjan,RJN
Bam,BXR
Khorram Abad,KHD
Wadi-al-dawasir,EWD
Al-Jawf,AJF
Dawadmi,DWD
Saul,XAU
Faizabad,FBD
Île des Pins,ILP
Waala,BMY
Tiga,TGJ
Ipota,IPA
Futuna Island,FTA
Dillon's Bay,DLY
Aniwa,AWD
Anelghowhat,AUY
Olpoi,OLZ
Malekula Island,SWJ
Valesdir,VLS
Ambryn Island,ULB
Tongoa Island,TGH
Santo,SON
Redcliffe,RCL
Gaua Island,ZGU
Norsup,NUS
Lonorore,LNE
Maewo Island,MWF
Lamen Bay,LNB
Lamap,LPM
Paama Island,PBJ
Pentecost Island,SSR
Longana,LOD
Craig Cove,CCV
Sangafa,EAE
Loh/Linua,TOH
Sola,SLH
Ablow,MTV
Ua Huka,UAH
Ua Pou,UAP
Hiva-oa,AUQ
Ahe,AHE
Apataki,APK
Savaii Island,MXS
Mountain,MWP
Futuna Island,FUT
Alofi,IUE
Vanua Balavu,VBV
Niuatoputapu,NTT
Angaha,TONGA
Lifuka,HPA
Eua Island,EUA
Savusavu,SVU
Rotuma,RTA
Koro Island,KXF
Matei,TVU
Lambasa,LBS
Lakeba Island,LKB
Ngau,NGI
Moala,MFJ
Mana Island,MNF
Vunisea,KDV
Malolo Lailai Island,PTF
Cicia,ICI
Penrhyn Island,PYE
Mitiaro Island,MOI
Mauke Island,MUK
Manihiki Island,MHX
Mangaia Island,MGS
Atiu Island,AIU
Nassau,PID
Colonel Hill,CRI
Cat Island,CAT
Arthur's Town,ATC
Andros,COX
Long Banga,LBP
Salina Cruz,SCX
Trinidad,TND
Cayo Coco,CCC
Port-de-Paix,PAX
Jeremie,JEE
Playa Samara,PLD
San Jose,SYQ
Puerto Jimenez,PJM
Nandayure,PBP
Nicoya,TNO
Pococi,BCL
Roxana,TTQ
La Palma,PLP
Jaqué,JQE
Colón,ONX
Chitré,CTD
Jalapa,JAL
Guerrero Negro,GUB
Ciudad Constitución,CUA
Celaya,CYW
Mili Island,MIJ
Puerto Lempira,PEU
Ahuas,AHS
Wotho Island,WTO
Wotje Atoll,WTE
Majuro Atoll,WJA
Jabor Jaluit Atoll,UIT
Rongelap Island,RNP
Namorik Atoll,NDK
Majkin,MJE
Mejit Atoll,MJB
Maloelap Island,MAV
Likiep Island,LIK
Kaben,KBT
Ailinglapalap Atoll,JEJ
Ailinglapalap Atoll,JAT
Bikini Atoll,BII
Aur Atoll,AUL
Ailuk Island,AIM
Utirik Island,UTK
Quezaltenango,AAZ
Puerto Barrios,PBR
La Isabela,JBQ
Samana,AZS
Salt Cay,SLX
Middle Caicos,MDS
Cockburn Town,GDT
Žilina,ILZ
Ubari,QUB
Misratah,MRA
Samsun,SZF
Balikesir Korfez,EDO
Isparta,ISE
Adiyaman,ADF
Agri,AJI
Kahramanmaras,KCM
Sanliurfa,SFQ
Kars,KSY
Usak,USQ
Banja Luka,BNX
Corvo,CVU
Salerno,QSR
Aosta,AOT
Sármellék,SOB
Győr,QGY
Pécs-Pogány,PEV
Syros Island,JSY
La Môle,LTT
Mulhouse,EAP
Angers/Marcé,ANE
Île d'Yeu,IDY
Logroño-Agoncillo,RJL
Nicosia,ECN
Yakima,YKM
Kiwayu,KWY
Worland,WRL
Valdosta,VLD
Victoria,VCT
Quincy,UIN
Tupelo,TUP
Santa Maria,SMX
Salina,SLN
Saranac Lake,SLK
Sheridan,SHR
San Luis Obispo,SBP
Rutland,RUT
Rock Springs,RKS
Rhinelander,RHI
Reading,RDG
Portsmouth,PSM
Pellston,PLN
Pierre,PIR
Pocatello,PIH
Hattiesburg/Laurel,PIB
Owensboro,OWB
North Bend,OTH
Muscle Shoals,MSL
Miles City,MLS
Muskegon,MKG
Lynchburg,LYH
Lewistown,LWT
Lancaster,LNS
Klamath Falls,LMT
Lebanon,LEB
North Platte,LBF
Latrobe,LBE
Laramie,LAR
Jamestown,JMS
Kirksville,IRK
Kili Island,KIO
Huntington,HTS
Hot Springs,HOT
Grand Island,GRI
Glasgow,GGW
Fayetteville,FAY
New Bedford,EWB
Elko,EKO
Eau Claire,EAU
Du Bois,DUJ
Dodge City,DDC
Hancock,CMX
Port Angeles,CLM
Clarksburg,CKB
Sault Ste Marie,CIU
Cape Girardeau,CGI
Crescent City,CEC
Burlington,BRL
Brunswick,BQK
Beckley,BKW
Scottsbluff,BFF
Bradford,BFD
Watertown,ATY
Alpena,APN
Walla Walla,ALW
Waterloo,ALO
Alamogordo,ALM
Athens,AHN
Albany,ABY
Aberdeen,ABR
Tremiti Islands,TQR
Gheshm,GSM
Diu,DIU
Gulu,ULU
Arua,RUA
Tabora,TBO
Shinyanga,SHY
Musoma,MUZ
Lindi,LDI
Kigoma,TKQ
Bukoba,BKZ
Port Sudan,PZU
Nyala,UYL
Atbara,ATB
Al Bayda',LAQ
Tripoli,MJI
Tobruk,TOB
Sirt,SRX
Nanyuki,NYK
Malindi,MYD
Lokichoggio,LKG
Amboseli National Park,ASV
Asyut,ATZ
El Arish,AAC
Burao,BUO
Galcaio,GLK
Mogadishu,MGQ
Bosaso,BSA
Alula,ALU
Tippi,TIE
Mizan Teferi,MTF
Kabri Dehar,ABK
Gore,GOR
Gode,GDE
Dembidollo,DEM
Dessie,DSE
Beica,BEI
Baco,BCO
Sao Filipe,CAPE VERDE
Praia,CAPE VERDE
El Aroui,NDR
El Aaiún,EUN
Essadouira,ESU
Dakhla,VIL
Smara,SMW
Iginniarfik,QFI
Akunnaaq,QCU
Groennedal,JGR
Bissau,OXB
Kenema,KEN
Bo,KBS
Bonthe,BTE
Ceuta,JCU
Carriacou Island,CRU
La Gomera,GMZ
Papa Stour,PSV
Outer Skerries,OUK
Foula,FOA
Gamba,GAX
Ilebo,PFR
Lodja,LJA
Tshikapa,TSH
Basankusu,BSU
Kiri,KRZ
Nioki,NIO
Inongo,INO
Matadi,MAT
Boma,BOA
Windhoek,ERS
Swakopmund,SWP
Oranjemund,OMD
Ondangwa,OND
Luderitz,LUD
Club Makokola,CMK
Sarh,SRH
Cannes,JCA
Chimoio,VPY
Tchibanga,TCH
Mouila,MJL
Koulamoutou,KOU
Mocamedes,MSZ
Ondjiva,VPE
Dundo,DUE
Catumbela,CBT
Manja,MJA
Mandritsara,WMA
Tsaratanana,TTS
Mampikony,WMP
Soalala,DWB
Ambanja,IVA
Port Bergé,WPB
Ambatondrazaka,WAM
Tsiroanomandidy,WTS
Tambohorano,WTA
Morafenobe,TVA
Maintirano,MXT
Belo sur Tsiribihina,BMD
Ankavandra,JVA
Antsalova,WAQ
Moroni,YVA
Solwesi,SLI
Chipata,CIP
Loubomo,DIS
Tuli Lodge,TLD
Shakawe,SWX
Orapa,ORP
Ghanzi,GNZ
Mafeking,MBD
Malamala,AAM
Mpumalanga,MQP
Johannesburg,QRA
Ventspils,VTS
Shire Indasilase,SHC
Shilavo,HIL
Hemavan,HMV
Mohed,SQO
Ängelholm,AGH
Torsby,TYF
Karlstad,KSD
Hagfors,HFS
Östersund,OSD
Lodz,LCJ
Bydgoszcz,BZG
Værøy,VRY
Vardø,VAW
Sorkjosen,SOJ
Svolvær,SVJ
Sogndal,SOG
Sandane,SDN
Røst,RET
Rørvik,RVK
Mo i Rana,MQN
Namsos,OSY
Leknes,LKN
Sindal,CNL
Dongloe,CFN
Barra,BRR
Angelsey,HLY
Penzance,PZE
Land's End,LEQ
Westray,WRY
Lerwick,LWK
Sanday,NDY
Stronsay,SOY
Papa Westray,PPW
North Ronaldsay,NRL
Fair Isle,FIE
Eday,EOI
Campbeltown,CAL
Doncaster,UNITED KINGDOM
Nottingham,NQT
Seinäjoki / Ilmajoki,SJY
Helgoland,HGL
Büsum,HEI
Heringsdorf,HDF
Kumasi,KMS
Guemar,ELU
Bordj Badji Mokhtar,BMW
Béchar,CBH
Batna,BLJ
Wollaston Lake,ZWL
Churchill Falls,ZUM
Shamattawa,ZTM
Sandy Lake,ZSJ
Round Lake,ZRJ
Sachigo Lake,ZPB
Masset,ZMT
Muskrat Dam,MSA
Kashechewan,ZKE
Swan River,ZJN
Gods River,ZGI
Fond-Du-Lac,ZFD
Eastmain River,ZEM
Bathurst,ZBF
Ilford,ILF
York Landing,ZAC
Salluit,YZG
Whale Cove,YXN
Webequie,YWP
Deer Lake,YVZ
Big Trout Lake,YTL
St. Theresa Point,YST
Sanikiluaq,YSK
Stony Rapids,YSF
Red Lake,YRL
Gamètì,YRA
Nakina,YQN
The Pas,YQD
Powell River,YPW
Peawanuck,YPO
Pikangikum,YPM
Inukjuak,YPH
Oxford House,YOH
Points North Landing,YNL
Norway House,YNE
Wemindji,YNC
Umiujaq,YUD
Chibougamau,YMT
Mary's Harbour,YMH
Kangiqsualujjuaq,XGR
Lutselk'e,YSG
Lansdowne House,YLH
Kimmirut,YLC
Aupaluk,YPJ
Waskaganish,YKQ
Akulivik,AKV
Island Lake,YIV
Ivujivik,YIK
Chevery,YHR
Hopedale,YHO
Nemiscau,YNS
Vancouver,YHC
Quaqtaq,YQC
Grise Fiord,YGZ
Gillam,YGX
Kuujjuarapik,YGW
Igloolik,YGT
Gods Lake Narrows,YGO
Texada,YGB
Makkovik,YMN
Fort Hope,YFH
Fort Albany,YFA
Fort Severn,YER
Nain,YDP
Chesterfield Inlet,YCS
Cartwright,YRF
Lourdes-De-Blanc-Sablon,YBX
Uranium City,YBE
Attawapiskat,YAT
Kangirsuk,YKG
Kasabonika,XKS
Fort Frances,YAG
Cat Lake,YAC
Tarapacá,TCD
Apartadó,APO
Nantong,NTG
La Tabatière,ZLT
Tête-à-la-Baleine,ZTB
Chisasibi,YKU
Poplar Hill,YHP
Ogoki Post,YOG
Kingfisher Lake,KIF
Bearskin Lake,XBE
North Spirit Lake,YNO
Wunnumin Lake,WNN
Angling Lake,YAX
Summer Beaver,SUR
Whatì,YLE
Colville Lake,YCK
Rigolet,YRG
Port Hope Simpson,YHA
St. Lewis,YFX
Williams Harbour,YWM
Anahim Lake,YAA
Whistler,YWS
Punta Gorda,PND
Caye Caulker,CUK
Vopnafjörður,VPN
Thorshofn,THO
Puntarenas,DRK
Grímsey,GRY
Uummannaq,JQA
Upernavik,JUV
Sisimiut,JHS
Qaanaaq,NAQ
Narsaq,JNS
Nanortalik,JNN
Maniitsoq,JSU
Qaqortoq,JJU
Qeqertarsuaq Airport,JGO
Paamiut,JFR
Neerlerit Inaat,CNP
Alluitsup Paa,LLU
Wapenamanda,WBM
Vanimo,VAI
Tokua,RAB
Tabubil,TBG
Tari,TIZ
Misima Island,MIS
Moro,MXH
Momote,MAS
Mendi,MDU
Kavieng,KVG
Kerema,KMA
Kikori,KRI
Kiunga,UNG
Hoskins,HKN
Girua,PNP
Gurney,GUR
Daru,DAU
Kundiawa,CMU
Buka Island,BUA
Ramata,RBV
Kagau Island,KGE
Suavanao,VAO
Marau,RUS
Rennell Island,RNL
Stirling Island,MNY
Gizo,GZO
Munda,MUA
Santa Cruz/Graciosa Bay/Luova,SCZ
Kirakira,IRA
Mbambanakira,MBU
Fera Island,FRE
Ballalae,BAS
Auki,AKS
Atoifi,ATD
Komsomolsk-on-Amur,KXK
Moyo,OYG
Tiksi,IKS
Cherskiy,CYX
Chokurdah,CKH
Neryungri,CNN
Kostanay,KSN
Zhezkazgan,DZN
Kokshetau,KOV
Union Island,UNI
Bequia,BQU
Spanish Town,VIJ
Charlestown,NEV
Basse Terre,BBR
Grande Anse,DSD
El Vigía,VIG
Maldonado,MDO
Santa Rosa,SRA
Huánuco,HUU
Caballococha,LHC
San Borja,SRJ
Riberalta,RIB
Guayaramerín,GYA
Puerto Inírida,PDA
Nuquí,NQU
La Pedrera,LPD
Puerto Leguízamo,LQM
Garzón,GLJ
Cartago,CRC
Stanley,PSY
La Toma (Catamayo),LOH
San Cristóbal,SCY
Sorocaba,SOD
El Salvador,ESR
Vitória Da Conquista,VDC
Marília,MII
Macaé,MEA
Necochea,NEC
El Calafate,ING
Roxas City,RXS
Calbayog City,CYP
Virac,VRC
Tuguegarao,TUG
San Fernando,SFE
Basco,BSO
Naga,WNP
Tandag,TDG
Sangley Point,SUG
Sanga Sanga,SGS
General Santos City,GES
Olongapo City,SFS
Sokcho / Gangneung,YNY
Anadyr,DYR
Okhotsk,OHO
Ujae Atoll,UJE
Mariupol International,MPW
Lugansk,VSG
Zaporozhye,OZH
Krivoy Rog,KWG
Kharkov,HRK
Ivano-Frankivsk,IFO
Chernovtsk,CWC
Rivne,RWN
Uzhgorod,UDJ
Solovetsky Islands,CSH
Cherepovets,CEE
Amderma,AMV
Kotlas,KSZ
Petrozavodsk,PES
Hrodna,GNA
Mogilev,MVQ
Yeniseysk,EIE
Kyzyl,KYZ
Novokuznetsk,NOZ
Khatanga,HTG
Igarka,IAA
Grozny,GRV
Nalchik,NAL
Beslan,OGZ
Elista,ESL
Aleknagik,WKK
Brookings,BKX
Bluefield,BLF
Kearney,EAR
Greenville,GLH
Bullhead,IFP
Kingman,IGM
Pasco,PSC
Akutan,KQA
Silver City,SVC
Lopez,LPS
Salekhard,SLY
Khanty-Mansiysk,HMA
Nyagan,NYA
Sovetskiy,OVS
Izhevsk,IJK
Kirov,KVX
Nadym,NYM
Raduzhnyi,RAT
Nefteyugansk,NFG
Kurgan,KRO
Khudzhand,LBD
Andizhan,AZN
Fergana,FEG
Namangan,NMA
Nukus,NCU
Urgench,UGC
Khanabad,KSQ
Termez,TMJ
Rybinsk,RYB
Belgorod,EGO
Kursk,URS
Lipetsk,LPK
Vorkuta,VKT
Bugulma,UUA
Yoshkar-Ola,JOK
Cheboksary,CSY
Ulyanovsk,ULY
Orsk,OSW
Penza,PEZ
Saransk,SKX
Balakovo,BWO
Hubli,HBX
Koggala,KCT
Wirawila,WRZ
Battambang,BBM
Shillong,SHL
Guwahati,GAU
Dimapur,DMU
Tezpur,TEZ
Barisal,BZL
Huay Xai,OUI
Kontum,KON
Bharatpur,BHR
Chandragarhi,BDP
Meghauli,MEY
Nepalgunj,KEP
Gan Island,GAN
Haa Dhaalu Atoll,HAQ
Laamu Atoll,KDO
Tak,MAQ
Buonmethuot,BMV
Haiphong,HPH
Nha Trang,CXR
Conson,VCS
Can Tho,VCA
Dienbienphu,DIN
Phucat,UIH
Pleiku,PXU
Vinh,VII
Banmaw,BMO
Dawei,TVY
Kawthoung,KAW
Loikaw,LIW
Mawlamyine,MNU
Pathein,BSX
Pakhokku,PKK
Sumbawa Island,SWQ
Waikabubak-Sumba Island,TMC
Bokondini-Papua Island,BUI
Senggeh-Papua Island,SEH
Tanjung Selor-Borneo Island,TJS
Datadawai-Borneo Island,DTD
Tanjung Redep-Borneo Island,BEJ
Tanjung-Borneo Island,TJG
Sampit-Borneo Island,SMQ
Langgur-Kei Islands,LUV
Alor Island,ARD
Belaga,BLG
Long Datih,LGL
Long Seridan,ODN
Mukah,MKM
Bakalalan,BKM
Lawas,LWY
Bario,BBN
Tomanggong,TMG
Kudat,KUD
Bandar Lampung-Sumatra Island,TKG
Jakarta,HLP
Ranai-Natuna Besar Island,NTX
Putussibau-Borneo Island,PSU
Sintang-Borneo Island,SQG
Talang Gudang-Sumatra Island,PDO
Lhok Seumawe-Sumatra Island,LSW
Pangkor Island,PKG
Laut Island,KBU
Long Bawan-Borneo Island,LBW
Nunukan-Nunukan Island,NNX
Long Apung-Borneo Island,LPU
Albany,ALH
Argyle,GYL
Aurukun,AUU
Barcaldine,BCI
Badu Island,BDD
Birdsville,BVI
Broken Hill,BHQ
Hamilton Island,HTI
Bedourie,BEU
Bourke,BRK
Burketown,BUC
Boigu,GIC
Oakey,OKY
Boulia,BQL
Bathurst,BHS
Blackwater,BLT
Carnarvon,CVQ
Cobar,CAZ
Coober Pedy,CPD
Coconut Island,CNC
Cloncurry,CNJ
Ceduna,CED
Cooktown,CTN
Cunnamulla,CMA
Coonamble,CNB
Coen,CUQ
Cooma,OOM
Doomadgee,DMD
Darnley Island,NLF
Devonport,DPO
Elcho Island,ELC
Esperance,EPR
Flinders Island,FLS
Geraldton,GET
Gladstone,GLT
Groote Eylandt,GTE
Griffith,GFF
Horn Island,HID
Hooker Creek,HOK
Mount Hotham,MHU
Hughenden,HGD
Julia Creek,JCK
Kalbarri,KAX
King Island,KNS
Kalkgurung,KFG
Karumba,KRB
Kowanyama,KWM
Kubin,KUG
Leonora,LNO
Lake Evella,LEL
Lord Howe Island,LDH
Lockhart River,IRG
Lismore,LSY
Lightning Ridge,LHG
Longreach,LRE
Leinster,LER
Laverton,LVO
Mabuiag Island,UBB
Meekatharra,MKR
Merimbula,MIM
Milingimbi,MGT
Maningrida,MNG
McArthur River Mine,MCV
Mildura,MQL
Mount Magnet,MMG
Moree,MRZ
Moranbah,MOV
Moruya,MYA
Mount Gambier,MGB
Mornington Island,ONG
Murray Island,MYI
Maryborough,MBH
Narrandera,NRA
Narrabri,NAA
Normanton,NTN
Newman,ZNE
Olympic Dam,OLP
Argyle,PUG
Palm Island,PMK
Paraburdoo,PBO
Cocos Keeling Island,CCK
Gove,GOV
Parkes,PKE
Port Lincoln,PLO
Pormpuraaw,EDR
Port Macquarie,PQQ
Portland,PTJ
Quilpie,ULP
Ramingining,RAM
Roma,RMA
St George,SGO
Shark Bay,MJK
Saibai Island,SBR
Strahan,SRN
Thargomindah,XTG
Tennant Creek,TCA
Victoria River Downs,VCD
Sue Islet,SYU
Windorah,WNR
Whyalla,WYA
Wiluna,WUN
Wollongong,WOL
Winton,WIN
Burnie,BWT
Yorke Island,OKR
Yam Island,XMY
Beijing,NAY
Chifeng,CIF
Changzhi,CIH
Datong,DAT
Hohhot,HET
Baotou,BAV
Shijiazhuang,SJW
Tongliao,TGO
Ulanhot,HLH
Xilinhot,XIL
Beihai,BHY
Changde,CGD
Dayong,DYG
Meixian,MXZ
Zhuhai,ZUH
Liuzhou,LZH
Zhanjiang,ZHA
Enshi,ENH
Nanyang,NNY
Xiangfan,XFN
Yichang,YIH
Ankang,AKA
Golmud,GOQ
Hanzhong,HZG
Qingyang,IQN
Xining,XNN
Yan'an,ENY
Yulin,UYN
Arvaikheer,AVK
Altai,LTI
Bayankhongor,BYN
Dalanzadgad,DLZ
Khovd,HVD
Muren,MXV
Shangri-La,DIG
Luxi,LUM
Simao,SYM
Zhaotong,ZAT
Ganzhou,KOW
Jingdezhen,JDZ
Jiujiang,JIU
Quzhou,JUZ
Lianyungang,LYG
Huangyan,HYN
Linyi,LYI
Quanzhou,JJN
Huangshan,TXN
Weifang,WEF
Weihai,WEH
Wuxi,WUX
Wuyishan,WUS
Wenzhou,WNZ
Yancheng,YNZ
Yiwu,YIW
Zhoushan,HSN
Bangda,BPX
Dazhou,DAX
Guangyuan,GYS
Luzhou,LZO
Mianyang,MIG
Nanchong,NAO
Nyingchi,LZY
Wanxian,WXN
Aksu,AKU
Qiemo,IQM
Kuqa,KCA
Korla,KRL
Karamay,KRY
Yining,YIN
Heihe,HEK
Jiamusi,JMU
Jinzhou,JNZ
Qiqihar,NDG
Yanji,YNJ
Mount Keith,WME
Los Roques,LRV
Inis Mor,IOR
Indreabhan,NNR
Ruegen,GTI
Berezovo,NBB
Worcester,ORH
Anqing,AQG
Ji An,JGS
Qinhuangdao,SHP
Yuncheng,YCU
Lanzhou,LHW
Jiayuguan,JGN
Dandong,DDG
Dongsheng,DSN
Panzhihua,PZI
New Haven,ZVE
Dibrugarh,DIB
Doha,XOZ
Bremerton,PWT
Spencer,SPW
Jefferson City,JEF
Grand Canyon West,GCW
Boulder City,BLD
Unst,UNT
Provincetown,PVC
Seattle,LKE
Nazran,%U0
Gustavia,SBH
Belize,TZA
Sukhumi,SUI
Tambow,TBW
North Connel,OBN
Shizuoka,FSZ
Erechim,ERM
Courcheval,CVF
Fullerton,FUL
Fort William,FWM
Navoi,NVI
Paris,JPU
Ronda,RRA
Setif,QSF
La Rochelle,LRH
Hailey,SUN
Portsmouth,PME
Mason City,MCW
Jining,JNG
Mohe County,OHE
Daqing,DAQ
Yaroslavl,IAR
Neuchatel,QNC
Locarno,ZJI
Rimatara,RMT
Ust-Kut,UKX
St. Marys,1OH
Bellona,BN1
Bellona,BNY
Ringi Cove,RIN
Arecibo,ARE
Wenatchee,EAT
Sao Joao del Rei,JDR
Wangerooge,AGE
Oshkosh,OSH
Brest,BQT
Ternopol,TNL
Chernigov,CEJ
Lutsk,UKC
Benton Harbor,BEH
Waukesha,UES
Nowra,NOA
Katherine,KTR
Greenwood,10C
Everglades,X01
Choibalsan,COQ
Taree,TRO
Orange,OAG
Grafton,GFN
Gasan,MRQ
Hamadan,HDM
St-Augustin,YIF
Vieques Island,VQS
Kalemyo,KMV
Les Saintes,LSS
Yenisehir,YEI
Çorlu,TEQ
Sinop,SIC
Mus,MSR
Canakkale,CKZ
Eskissehir,AOE
Mpacha,MPA
Walvis Bay,WVB
Punta del Este,PDP
Sialkot,SKT
Bonaventure,YVB
Brus Laguna,BHG
Samburu South,UAS
Chaoyang,CHG
Walaha,WLH
Tanjung Manis,TGC
Long Akah,LKH
Geneina,EGN
Togiak Village,TOG
Port Heiden,PTH
King Cove,KVC
New Stuyahok,KNW
Igiugig,IGG
Shimla,SLV
Nanded,NDC
Kangra,DHM
Shahre Kord,CQD
Sege,EGM
Burgos,RGS
Leon,LEN
Deering,DRG
Zarafshan,AFS
Mardin,MQM
Tacheng,TCG
Lago Agrio,LGQ
Parsabad,PFQ
Ilam,IIL
Gorgan,GBT
Maragheh,ACP
Romblon,TBH
Wuzhou,WUZ
Hami,HMI
Sand Point,SDP
Gorakhpur,GOP
Araracuara,ACR
Hagerstown,HGR
Bella Coola,QBC
Pajala,PJA
Port Clarence,KPC
Governador Valadares,GVR
Apatity,KVK
Cauayan,CYZ
Nicoya,TMU
La Fortuna/San Carlos,FON
Imo,QOW
Arctic Village,ARC
Tasiujaq,YTQ
Puvirnituq,YPX
Ormoc City,OMC
Noatak,WTK
Savoonga,SVA
Shishmaref,SHH
Ruby,RBY
Point Hope,PHO
Mekoryuk,MYU
Kivalina,KVL
St Mary's,KSM
Kaltag,KAL
Hooper Bay,HPB
Gambell,GAM
Atqasuk,ATK
Anvik,ANV
Anaktuvuk Pass,AKP
Altay,AAT
Naypyidaw,ELA
Jan Mayen,ZXB
Changsha,HHA
Manzhouli,NZH
Wuhai,WUA
Gary,GYY
Brainerd,BRD
Lewisburg,LWB
Greenville,PGV
Chefornak,CYF
Oxnard,OXR
Branson,BKG
Tongren,TEN
Jian,KNC
Baltimore,ZBP
New York,ZYP
Niau,NIU
Scotia NY,SCH
Nizhnekamsk,NBC
Osubi,QRW
Langeoog,LGO
Fane,FNE
Itokama,ITK
Ononge,ONB
Tapini,TPI
Wanigela,AGL
Woitape,WTP
Awaba,AWB
Telefomin,TFM
Nelspruit,NLP
Cherkassy,CKC
St. Augustine Airport,UST
Nikolayev,NLV
Ramechhap,RHP
Santa Rosa,STS
Kissimmee,ISM
Lake City,LCQ
Logan,LGU
Brigham City,BMC
Malad City,MLD
Aspen,ASE
Hilton Head,HHH
Ulyanovsk,ULV
Sabi Sabi,GSS
Philadelphia,ZFV
Brownwood,BWD
Mexia,LXY
Kerrville,ERV
Georgetown,GED
Prince Rupert,ZSW
Great Bend,GBN
Hays,HYS
Null,SUS
Ely,LYU
Grand Rapids MN,GPZ
Thief River Falls,TVF
Eagle River,EGV
Minocqua - Woodruff,ARV
Ankeny,IKV
Berens River,YBV
Corpus Christi,NGP
Port Simpson,YPI
Catalina Island,AVX
Mojave,MHV
Interlaken,ZIN
Kenmore,KEH
Corozal,CZH
Inisheer,INQ
Strezhevoy,SWT
Hutchinson,HUT
Kabul,BPM
Eagle,EGA
Gelendzik,GDZ
Rosecrans,STJ
Hartford,ZRT
Stamford,ZTF
Newark,ZRP
Cuxhaven,NDZ
Camp Douglas,VOK
Beauford,BFT
Adana,UAB
Gunnison,GUC
Xi\\'AN,SIA
Torrance,TOA
Manistee,MBL
Punta Gorda,PGD
Grand Canyon,JGC
Frenchville,WFK
Jamestown,JHW
Mont-Tremblant,YTM
Somerset,SME
Weyers Cave,SHD
Devils Lake,DVL
Dickinson,DIK
Sidney,SDY
Chadron,CDR
Alliance,AIA
McCook,MCK
Marathon,MTH
Glendive,GDV
Wolf Point,OLF
West Yellowstone,WYS
Alamosa,ALS
Moab,CNY
Ely,ELY
Vernal,VEL
Ruidoso,SRR
Show Low,SOW
McCall,MYL
Salmon,SMN
Mammoth Lakes,MMH
Friday Harbor,FRD
Eastsound,ESD
Anacortes,OTS
Astoria,AST
Newport,ONP
Emmonak,EMK
Unalakleet,UNK
Kuparuk,UUK
Shageluk,SHX
Chuathbaluk,CHU
Nuiqsut,NUI
Eek,EEK
Kasigluk,KUK
Kwethluk,KWT
Kwigillingok,KWK
Marshall,MLL
Russian Mission,RSH
Tuntutuliak,WTL
Ekwok,KEK
Koliganek,KGK
Levelock,KLL
Manokotak,KMO
Twin Hills,TWA
Chalkyitsik,CIK
Eagle,EAA
Hughes,HUS
Huslia,HSL
Livingood,LIV
Minto,MNT
Nulato,NUL
Rampart,RMP
Tanana,TAL
Venetie,VEE
Beaver,WBQ
Central,CEM
Shungnak,SHG
Brich Creek,KBC
Coldfoot,CXF
Inyokern,IYK
Visalia,VIS
Merced,MCE
Colonia,CYR
Campinas,CPQ
Toowoomba,TWB
Arkalyk,AYK
Angoon,AGN
Elfin Cove,ELV
Tenakee Springs,TKE
Pelican,PEC
Sitka,CYM
Funter Bay,FNR
Excursion Inlet,EXI
Hoonah,HNH
Kake,AFE
Craig,CGA
Hollis,HYL
Metakatla,MTM
Thorne Bay,KTB
Hydaburg,HYG
Hyder,WHD
Point Baker,KPB
Port Protection,PPV
North Whale Pass,WWP
Chignik Lake,KCQ
Egegik,EGX
Chignik Lagoon,KCL
Chignik,KBW
Perryville,KPV
Pilot Point,PIP
South Naknek,WSN
Akhiok,AKK
Karluk,KYK
Larsen Bay,KLN
Old Harbor,OLH
Ouzinkie,KOZ
Port Lions,ORI
Lazy Bay,ALZ
Amook Bay,AOS
Kitoi Bay,KKB
Moser Bay,KMY
Olga Bay,KOY
Port Bailey,KPY
Port Williams,KPR
Seal Bay,SYB
San Juan,WSJ
West Point,KWP
Zachar Bay,KZB
Ambler,ABL
Buckland,BKC
Kiana,IAN
Kobuk,OBU
Noorvik,ORV
Selawik,WLK
Brevig Mission,KTS
Elim,ELI
Golovin,GLV
Teller,TLA
Wales,WAA
White Mountain,WMO
Council,CIL
Koyuk,KKA
St. Michael,SMK
Shaktoolik,SKK
Stebbins,WBB
Tin City,TNC
Atka,AKB
Nikolski,IKO
Icy Bay,ICY
Yakataga,CYT
Alakanuk,AUK
Nunam Iqua,SXP
Kipnuk,KPN
False Pass,KFP
Nelson Lagoon,NLG
Cold Bay,PML
Klawock,KLW
Quinhagak,KWN
Kotlik,KOT
Koyukuk,KYU
Scammon Bay,SCM
Nondalton,NNL
Pedro Bay,PDB
Nunapitchuk,NUP
Kongiganak,KKH
Nikolai,NIB
Takotna,TCT
Pilot Station,PQS
Akiak,AKI
Tuluksak,TLT
Grayling,KGX
Wainwright,AIN
ZAPALA,APZ
Rincon de los Sauces,RDS
Colonia Sarmiento,OLN
Rio Turbio,RYO
Puerto Natales,PNT
Caleta Olivia,CVI
Sierra Grande,SGV
Ingeniero Jacobacci,IGB
El Chalten,ELX
Chenega,NCN
Chisana,CZN
Tok,6K8
Circle,IRC
Coffman Cove,KCC
Crooked Creek,CKD
Red Devil,RDV
Sleetmute,SLQ
Stony River,SRV
Healy,HKB
Kake,KAE
Klawock,AQC
Lake Minchumina,MHM
Manley Hot Springs,MLY
St. George,STG
Tatitlek,TEK
Ketchikan,WFB
Postville,YSO
Kangiqsujuaq,YWB
Alma,YTF
Havre-Saint-Pierre,YGV
Rimouski,YXK
Tadoule Lake,XTL
Lac Brochet,XLB
South Indian Lake,XSI
Brochet,YBT
Little Grand Rapids,ZGR
Cross Lake,YCR
Red Sucker Lake,YRS
Rainbow Lake,YOP
Bonnyville,YBY
Nanaimo,ZNA
Qualicum Beach,XQU
Fort St. James,YJM
Boundary Bay,YDT
Bella Bella,ZEL
Sechelt-Gibsons,YHS
San Bruno,PVP
Brussels,ZYR
Caye Chapel,CYC
Big Creek,BGK
Dangriga,DGA
Placencia,PLJ
Sarteneja,SJX
Corn Island,RNI
Bonanza,BZA
Rosita,RFS
Siuna,SIU
Waspam,WSP
Carrillo,RIK
Fussen,FUS
Constanza,COZ
Negril,NEG
Bochum,EBO
Kaufbeuren,KFB
Munich,ZMU
Nuernberg,ZAQ
Ceiba,RVR
Merlo,RLO
Christiansted,SSB
Alto Rio Senguer,ARR
Jose de San Martin,JSM
Uyuni,UYU
Augsburg,ZAU
Mannheim,ZMA
Essen,ZES
Rerrenabaque,RBQ
Abaiang Atoll,ABF
East St. Louis,CPS
Albina,ABN
Botopasi,BTO
Djoemoe,DOE
Drietabbetje,DRJ
Nieuw Nickerie,ICK
Paloemeu,OEM
Stoelmans Eiland,SMZ
Totness,TOT
Wageningen,AGI
Kaieteur Falls,KIA
Guapiles,CSC
Orinduik,ORJ
Annai,NAI
Imbaimadai,IMB
Kamarang,KAR
Mabaruma,USI
Mahdia,MHA
Pedro Juan Caballero,PJC
Acandi,ACD
Saravena,RVE
La Chorrera,LCR
La Macarena,LMC
Villa Garzon,VGZ
El Bagre,EBG
Caucasia,CAQ
Condoto,COG
Tolu,TLU
Cabo Frio,CFB
Sinop,OPS
Gurupi,GRP
Santana do Araguaia,CMP
Breves,BVS
Soure,SFK
Parintins,PIN
Barreiras,BRA
Santa Terezinha,STZ
Minacu,MQH
Araguaina,AUX
Novo Aripuana,NVP
Lucas do Rio Verde,LVR
Franca,FRC
Dourados,DOU
Labrea,LBR
Rondonopolis,ROO
Guarapuava,GPB
Joacaba,JCB
Edinburgh,ZXE
Rio Verde,RVD
Araxa,AAX
Maues,MBZ
Borba,RBB
Coari,CIZ
Barcelos,BAZ
Diamantino,DMT
Guanambi,GNM
Djelfa,QDJ
Lucapa,LBZ
Kapanda,KNP
Am Timan,AMC
Sharq Al-Owainat,GSQ
Martinsburg,MRB
Awasa,AWA
Jijiga,JIJ
Mekane Selam,MKS
Debre Marqos,DBM
Debre Tabor,DBT
Debre Zeyit,QHR
Goba,GOB
Mayumba,MYB
Masai Mara,MRE
Rumbek,RBX
Greenville,CPA
Ambatomainty,AMY
Kyoto,UKY
Bazaruto Island,BZB
Benguera Island,BCW
Indigo Bay Lodge,IBL
Matam,MAX
Bird Island,BDI
Wadi Halfa,WHF
Enfidha,NBE
Pakuba,PAF
Hatay,HTY
Raivavae,RVV
Foshan,FUO
Huizhou,HUZ
Lleida,ILD
Porvenir,WPR
Montreal,YMY
Toronto,YBZ
Bildudalur,BIU
Gjogur,GJR
Saudarkrokur,SAK
Inishmaan,IIA
Taldykorgan,TDK
Olgii,ULG
Lille,XDB
Vologda,VGD
Iturup Island,BVV
Okha,OHH
Arkhangelsk,LDG
Huesca,HSK
Ciudad Real,CQM
Najaf,NJF
Hilversum,QYI
Colonsay,CSA
Coll,COL
Rock Hill,RKH
Pittsburgh,AGC
Jacksonville,NZC
Atlanta,FTY
Tresco,TSO
Tarin Kowt,TII
Zaranj,ZAJ
Chaghcharan,CCN
Fuyang,FUG
Longyan,LCX
Baoshan,BSD
Xingyi,ACX
Macau,XZM
Liping,HZH
Ocean Isle Beach,60J
Columbus,OSU
Rio Sidra,RSI
Addison,ADS
Destin,DTS
Fort Jefferson - Dry Tortugas,RBN
Kherson,KHE
Stewart Island,SZS
Zhijiang,HJJ
Yarmouth,YQI
Kinston,ISO
Kill Devil Hills,FFA
Lincang,LNJ
Wenshan,WNH
Manaus,PLL
Sao Gabriel da Cachoeira,SJL
Parauapebas,CKS
Itaituba,ITB
Latur,LTU
Anambas Islands,MWK
Mainz,QFZ
Mainz,QMZ
Berlin,GWW
Rheine,ZPQ
Toraja,TTR
Khalije Fars,PGU
Yasuj,YES
Mosul,OSB
Toyooka,TJH
Amakusa,AXJ
Kikai,KKX
Aguni,AGJ
Haeju,HAE
Layang Layang Atoll,LAC
Bulgan,UGA
Ulaangom,ULO
Borongan,BPR
Lubang,LBX
Bentota,BJT
Dickwella,DIW
Kulyab,TJU
Cimei,CMJ
Dasoguz,TAZ
Barrow Island,BWB
Morawa,MWB
Exmouth,EXM
Derby,DRB
Walgett,WGE
Bathurst Island,BRT
Dunk Island,DKI
Lizard Island,LZR
Hamilton,HLT
Halls Creek,HCQ
Fitzroy Crossing,FIZ
Ravensthorpe,RVT
Provo,PVU
Steamboat Springs,SBS
Delta,DTA
Richfield,RIF
Price,PUC
Los Alamos,LAM
Borrego Springs,BXS
Lake Havasu City,HII
Winslow,INW
Douglas,DGL
Marakei,MZK
Abemama,AEA
Buariki,AAK
Kuria,KUC
Arorae,AIS
Tamana,TMN
Beru Island,BEZ
Nikunau,NIG
Butaritari,BBG
Makin,MTK
Maiana,MNK
Nonouti,NON
Tabiteuea,TSU
Bosset,BOT
Ine,IMI
Tinak,TIC
Elenak,EAL
Lae,LML
Airok,AIC
Enejit,EJT
Whitianga,WTZ
Takaka,KTF
Peleliu,C23
Savai\\'i,AAU
Afutara,AFT
Ulawa,RNA
Choiseul Bay,CHY
Santa Ana,NNB
Yandina,XYA
Batuna,BPF
Bartow,BOW
Kostroma,KMW
Fiti\\'uta,FTI
Ofu,OFU
Livermore,LVK
Mariposa,MPI
Grootfontein,GFY
Rundu,NDU
Beppu,BPU
Heron Island,HRN
Lady Elliot Island,LYT
Orpheus Island,ORS
London,QQP
Angmagssalik,AGM
Palm Springs,TRM
Santa Monica,SMO
Palm Springs,UDD
Scottsdale,ZSY
Olympia,OLM
Davis-Woodland-Winters,DWA
Rifle,RIL
SARATOGA,SAA
Atlanta,PDK
Bloomington,BMG
Stuart,SUA
Morristown,MMU
Napa,APC
San Diego,SDM
Pahokee,PHK
Kineshma,KIE
Nezhitino,NEZ
Machu Pichu,MFT
Panama City,ECP
San Bernardino,SBD
Valenca,VAL
Mossoro,MVF
Caruaru,CAU
Wake island,AWK
Nova Iguacu,QNV
Paris,XPG
Paris,XGB
Tours,XSH
San Carlos,SQL
Koszalin,OSZ
Lelystad,LEY
Rocky Mount,RWI
Soldotna,SXQ
El Cajon,SEE
Latacunga,LTX
London,STP
Amsterdam,ZYA
Freetown,JMY
Phan Rang,PHA
Son-La,SQH
Truckee,TKF
Frejus,FRJ
Geelong,GEX
Berlin,QPP
Moultrie,MGR
Atlanta,RYY
Oneonta,ONH
Georgetown Acension Island Santa Helena,ASI
Dell,4U9
Livingston-Montana,LVM
Kota Kinabalu,ZWR
Big Timber,6S0
Holland,BIV
Helsinki,HEN
New York,JRA
Lakeland,LAL
Syangboche,SYH
New York,IDL
Murrieta-Temecula,RBK
Oristano,FNU
Mysore,MYQ
Port Clinton,PCW
Dayton,MGY
Richmond,RID
Findley,FDY
Penneshaw,PEA
Kaufbeuren,KFX
Munich,MUQ
Nurnberg,NUR
Ebenhofen,EBE
Augsburg,AUB
Biessenhofen,BIE
Buchloe,BUH
Fussen,FUX
Kempten,KEX
Aiome,AIE
Simbai,SIM
Ambunti,AUJ
Marktoberdorf,OAL
Marktoberdorf,MOS
Essen,ESX
Bochum,BOX
Koln,KOX
Bembridge,BBP
Leuterschach,LES
Spearfish-South Dakota,SPF
Knokke,KNO
Gdynia,QYD
Olive Branch,OLV
Zonguldak,ONQ
Broomfield-CO,BJC
Salem,SLE
Tunica,UTM
Kasaba Bay,ZKB
Lindau,LND
Puerto Williams,WPU
Volkel,UDE
Milwaukee,MWC
Janesville,JVL
Hatfield,HTF
Arlington,GKY
Lawrenceville,LZU
Bowling Green,BWG
Tulsa,RVS
Novorossiysk,NOI
Minhad AB,NHD
Kirovograd,KGO
Dabaa City,DBB
Bryce Canyon,BCE
Heidelberg,HDB
Burlington,BUY
Shchyolkovo,CKL
Tengchong,TCZ
Sevastopol,UKS
Berlin,BER
Nassau,WZY
Olathe,JCI
Easton,ESN
Hamar,HMR
Republic,R49
Yuba City,MYV
Stockholm,STO
Helsingborg,JHE
Duncan,DUC
Chinle,E91
Uvalde,UVA
Lockport,LOT
Urbana,C16
Concord,CCR
Ocean Reef Club Airport,OCA
Yushu,YUS
Playon Chico,PYC
Ustupo,UTU
Mamitupo,MPU
Huai An,HIA
El Porvenir,PVE
Oshawa,YOO
Lahr,LHA
Springfield,SGH
South Aari Atoll,MSI
Santo Domingo,HEX
Cooinda,CDA
Jabiru,JAB
Regensburg,RGB
Treuchtlingen,TLG
Miami,MPB
Freetown,HGS
Topeka,TOP
Emporia,EMP
Shiquanhe,NGQ
Cochstedt,CSO
Wurzburg,WZB
DALLAS,TKI
Chicago-Wheeling,PWK
Kelso,KLS
Put-in-Bay,3W2
Tureia,ZTA
Port Townsend,TWD
Lynden,38W
Port Townsend,0S9
Puerto Obaldia,PUE
Kerch,KHC
Ottawa,XDS
Belleville,XVV
Edmonton,XZL
Richmond,ZRD
Kuala Lumpur,XKL
Churchill,XAD
Winnipeg,XEF
Ukunda,UKA
Wilmington,ILN
Tucson,AVW
Casa Grande,CGZ
Buckeye,BXK
Gila Bend,E63
Athens,MMI
Sterling,STK
Rawlins,RWL
Mackenzie British Columbia,YZY
Caldwell,CDW
Kaiser Lake Ozark,AIZ
Big Bear,L35
KIEV,KIP
Bamberg,BAM
Ingolstadt,IGS
Thomasville,TVI
Henderson,HSH
Kiev,GML
Tifton,TMA
Frankfurt,ZRB
Prague,XYG
London,QQS
Ulusaba,ULX
RADOM,QXR
Phoenix,DVT
Calgary,YBW
Golden,YGE
Revelstoke,YRV
Tula,TYA
Hondo,HDO
Zhongwei,ZHY
McKinley Park,MCL
Anchorage,LHD
Prospect Creek,PPC
Khwai River,KHW
Taichung,TXG
Hudson NY,HCC
Wheeling,HLG
Fitzgerald,FZG
Perry,40J
Cairo,70J
Samsun,SSX
Ye,XYE
Kingston,XEG
Dorval,XAX
Dubai,DWC
Rockport,RKP
Bandanaira-Naira Island,NDA
Verdun,MVV
Ajaccio,MFX
Baise,AEB
Okaukuejo,OKF
Mokuti Lodge,OKU
Sankt Peter-Ording,PSH
Cordele,CKF
Ormond Beach,OMN
Troutdale,TTD
Hillsboro,HIO
Live Oak,24J
Khost,KHT
NAYPYITAW,NYT
Gaithersburg,GAI
Sharona,AZ3
Pembroke,YTA
Tsumeb,TSB
Suffield,YSD
BLUMENAU,BNU
Sibiu,SIB
Timisoara,CIO
Charelvoix,CVX
Quincy,2J9
Roche Harbor,RCE
Blakely Island,BYW
Rosario,RSJ
Westsound,WSX
Friday Harbor,FBS
Big Bay,YRR
Death Valley National Park,L06
Cornwall,YCC
Juiz de Fora,IZA
Flagler,XFL
Deva,DVA
Dezmir,DZM
Morrisville,MVL
Dallas,RBD
Beaver Island,6Y8
Moscow,MOW
Washington County,WST
Block Island,BID
Atmautluak,369
Nightmute,NME
Toksook Bay,OOK
Tununak,TNK
Goodnews Bay,GNU
Newtok,WWT
Achutupo,ACU
Tubuala,TUW
Garachine,GHE
Mulatupo,MPP
Ittoqqortoormiit,OBY
Vinnitsa,VIN
Angers,QXG
Bainbridge,BGE
Kegaska,ZKG
Black Tickle,YBI
Silver Springs,SPZ
Los Angeles,WHP
Madera,MAE
Mountain Home,U76
Trail,YZZ
Arctic Bay,YAB
Belmopan,BCV
Maripasoula,MPY
Saint-Laurent-du-Maroni,LDX
Cayana,AAJ
Laduani,LDO
Burqin,KJI
Capurgana,CPB
Sohag,HMB
Rivera,RVY
Patos de Minas,POJ
Bauru,JTC
Ourilandia do Norte,OIA
Redencao,RDC
Sao Felix do Xingu,SXX
Bointo,BYO
Sao Felix do Araguaia,SXO
Cacador,CFC
Carauari,CAF
Eirunepe,ERN
Concordia,CCI
Francisco Beltrao,FBE
Confresa,CFO
Jefferson,19A
Apalachicola,AAF
Umuarama,UMU
Diamantina,DTI
Fonte Boa,FBA
Sao Paulo de Olivenca,OLC
Humaita,HUW
Santa Isabel do Rio Negro,IRZ
Oriximina,ORX
Una,UNA
Telfer,TEF
Alanya,GZP
St. Augustine,SGJ
Londolozi,LDZ
Sabi Sands,INY
Douglas,DQH
Fort Pierce,FRP
Alexandria,ALX
Taunton,TAN
Plymouth,PYM
North Kingstown,OQU
Mansfield,1B9
Norwood,OWD
Westfield,BAF
Willimantic,IJD
Montgomery,MGJ
Harrisburg,CXY
Marshfield,GHG
Danbury,DXR
Nashua,ASH
Lawrence,LWM
Oxford,OXC
Fitchburg,FIT
Cartersville,VPC
Centre,PYP
Rome,RMG
Gadsden,GAD
Knoxville,DKX
Winder,WDR
Sylvania,JYL
Dalton,DNN
Carrollton,CTJ
Fort Payne,4A9
LaGrange,LGC
Milledgeville,MLJ
Cedartown,4A4
Pine Mountain,PIM
Atlanta,FFC
Covington,9A1
Gainesville,GVL
DeFuniak Springs,54J
LaFayette,9A5
New Philadelpha,PHD
Darlington,UDG
Hilton Head Island,HXD
Ellijay,49A
Elizabethton,0A9
Tuskegee,06A
Augusta,DNL
Morganton,MRN
Pikeville,PBX
Toccoa,TOC
Poltava,PLV
Wau,WUU
Humera,HUE
Moyale,OYL
Yengema,WYE
Gbangbatok,GBK
Tampa,VDF
Fort Worth,AFW
East Troy,57C
San Diego,MYF
Seoul,SEL
Renmark,RMK
Keewaywin,KEW
Marathon,YSP
Hearst,YHF
Hornepayne,YHN
Kirkland Lake,YKX
Manitouwadge,YMG
Wawa,YXZ
Manitowaning,YEM
Brantford,YFD
Lawrence,LWC
Wellington,EGT
Griffin,6A2
Nicosia,NIC
Pompano Beach,PMP
Mallacoota,XMC
Al-Ula,ULH
Alabaster,EET
Yuendumu,YUE
Strasbourg,XWG
Guangzhou,GZS
Praya,LOP
Marmul,OMM
108 Mile Ranch,ZML
Handan,HDG
Indianapolis,UMP
London,LOZ
Fredericksburg,FBG
Warsaw,WMI
Jixi,JXA
Gimli,YGM
Beloyarsky,EYK
Racine,RAC
Taytay,RZP
Otaru,QOT
Shigatse,RKZ
Redlands,REI
Chemehuevi Valley,49X
Riverside,RIR
Tacoma,TIW
Tampa,X39
Gulf Shores,JKA
Vieste,VIF
Khmeinitskiy,HMJ
Hiroshima,HIW
Hazleton,HZL
Cumberland,CBE
Bob Quinn Lake,YBO
Fox Glacier,FGL
Kaluga,KLF
Stockholm,XEV
Uppsala,QYX
Rotterdam,QRH
Praha,XYJ
Bonn,BNJ
Copenhagen,ZGH
Salzburg,ZSB
Antwerp,ZWE
Lephalale,ELL
Lone Rock,LNR
Joliet,JOT
Peru,VYS
Jackson,JXN
Philadelphia,BBX
Okeechobee,OBE
Sebring,SEF
Avon Park,AVO
Winter Haven,GIF
Zephyrhills,ZPH
Ocala,OCF
Jesup,JES
Madison,52A
Newnan,CCO
Thomson,HQU
Aiken,AIK
Camden,CDN
Lumberton,LBT
Ridgeland,3J1
Pinehurst-Southern Pines,SOP
Rockingham,RCZ
Bamberg,99N
Richland Center,93C
Viroqua,Y51
Baraboo,DLL
Apple River,7A4
Statesville,SVH
Sturtevant,C89
Burlington,BUU
East Stroudsburg,N53
Sterling,70N
Middletown,06N
Lock Haven,LHV
Grove City,29D
Youngstown,04G
Wadsworth,3G3
Ashland,3G4
Monroeville,4G0
Somerset,2G9
Youngstown,4G4
Braceville,41N
Lorain-Elyria,LPR
Geneva,7D9
Cleveland,BKL
Dunkirk,DKK
Hamburg,4G2
Trenton,N87
Mount Holly,VAY
Pedricktown,7N7
Linden,LDJ
Morgantown,O03
Churchville,0W3
Angola,ANQ
Plymouth,C65
Van Wert,VNW
Bucyrus,17G
Lake Wales,X07
Marshall,RMY
Batavia,GVQ
Seneca Falls,0G7
Stormville,N69
Plainville,4B8
Bryan,0G6
Clearwater,CLW
Lakeland,X49
Scatsta,SCS
Berlin,QWC
Frankfurt Oder,ZFR
Paris,PLY
Paris,XHP
Paris,PAR
Berlin,BHF
London,LON
New York,NYC
Chicago,CHI
Chicago,CGX
Tokyo,TYO
Beijing,BJS
Milan,MIL
Washington,WAS
Montreal,YMQ
Toronto,YTO
Jasper,JZP
Berlin,BGS
North Myrtle Beach,CRE
Sun Moon Lake,SMT
Lansing,IGQ
Tomah,Y72
Ramona,RNM
Buochs,BXO
Coldwater,OEB
Wilkes-Barre,WBW
Willoughby,LNN
Uummannaq,UMD
Bayannur,RLK
Frankfort,FFT
Lewiston,LEW
Florence,6S2
Copperhead,1A3
Glenview,NBU
Marco Island Airport,MRK
Drummond Island,DRM
Lewiston,8M8
Gladwin,GDW
Lowell,24C
South Haven,LWA
Schaumburg,06C
Marshfield,MFI
Wisconsin Rapids,ISW
Clinton,CWI
Beverly,BVY
Oakdale,O27
Trois Rivieres,YRQ
Poplar Bluff,POF
Eastport,EPM
Keokuk,EOK
Swans Island,ME5
Perth,PSL
Soderhamn,SOO
Saravane,VNA
Bagdad,E51
Dikson,DKS
Bogande,XBG
Bantry,BYT
Caherciveen,CHE
Alldays,ADY
Gualala,E55
Kent,1G3
Garissa,GAS
Hola,HOA
Kalokol,KLK
Kericho,KEY
Kilaguni,ILU
Kimwarer,KRV
Andavadoaka,DVD
Antsirabe,ATJ
Bekily,OVA
Atlantic City NJ,ZRA
Springfield MA,ZSF
Amherst MA,XZK
London,QQK
Stevenage,XVJ
Peterborough,XVH
Pomalaa,PUM
Whittlesford,WLF
Gorno-Altaysk,RGK
Fond du Lac,FLD
Waupaca,PCZ
Stevens Point,STE
Newberry,ERY
Forest Lake,25D
Hannover,ZVM
Peenemunde,PEF
Galion,GQQ
Tiputini,TPN
Pastaza,PTZ
Clarksville,CKV
Liege,XHN
Wyk,OHR
Lompoc,LPC
Coatesville,CTH
Lashkar Gah,BST
Lankaran,LLK
Qabala,GBB
Zaqatala,ZTU
Lake Placid,LKP
Long Lake,NY9
Qianjiang,JIQ
Yuzhno-Kurilsk,DEE
Wishram,WIH
Lima,AOH
Hamhung,DSO
Samjiyon,YJS
Brunswick,SSI
Beaver Falls,BFP
Winterhaven,F57
Georgetown,GGE
Cleveland,HDI
Dayton,2A0
Steubenville,2G2
Renton,RNT
Bromont,ZBM
La Verne,POC
Jekyll Island,09J
Cedar Key,CDK
Cross City,CTY
Clemson,CEU
Heber,36U
Wichita,BEC
Canton,47A
Fernandina Beach,55J
Hamburg,ZMB
Georgetown,GTU
Duxford,QFO
Sidney,SNY
Waynesboro,W13
Great Keppel Island,GKL
Roper Bar,RPB
Innisfail,IFL
Bamyan,BIN
Baishan,NBS
Chongjin,RGO
Moomba,MOO
Lublin,LUZ
Leesburg,JYO
Maamigili,VAM
Maldives Hilton Iru fushi,IRU
Dhigurah,DHG
Yongzhou,LLF
Mali Losinj,LSZ
Onslow,ONS
Theodore,TDR
RUDNIKI,CZW
Williamson,SDC
Clear Lake City,CLC
Cafayate,CFX
Boulder,WBU
Tangshan,TVS
Palo Alto,PAO
Mesa,FFZ
Cooldige,P08
Cottonwood,P52
Phoenix,A39
Wickenburg,E25
Yangzhou,YTY
Pontiac,PTK
Kissidougou,KSI
Pecs,QPJ
Keene,EEN
Tianshui,THQ
Kooddoo,GKK
Rochester,RCS
Wood Buffalo,JHL
Charlotte,EQY
Kankan,KNN
Rio Hondo,RHD
Keetmanshoop,KMP
Kangding,KGT
Veliky Ustyug,VUS
Iowa City,IOW
Turpan,TLQ
Windom,MWM
Annapolis,ANP
Ndutu,DUU
Cuamba,FXO
Bodaibo,ODO
Zhytomyr,ZTR
Mattala,HRI
Pecos,PEQ
Hattiesburg,HBG
Botucatu,QCJ
Sao Carlos,QSC
Yankton,YKN
Selma Alabama,SES
Sir Bani Yas Island,XSB
Dalma Island,ZDY
Playa del Carmen,PCM
Kratie,KTI
Guyuan,GYU
Changhai,CNI
Redhill,KRH
Jiagedaqi District,JGD
Chinchilla,CCL
Hollister,1C9
Hayward,HWD
Motueka,MZP
Shute Harbour,JHQ
Ann Arbor,ARB
Shepparton,SHT
Temora,TEM
Gayndah,GAH
Popondetta,EIA
Wilcannia,WIO
Bijie,BFJ
Lensk,ULK
Igdir,IGD
Sanliurfa,GNY
Kutahya,KZR
Velikiye Luki,VLU
Boston,ZTY
Bangalore,YLK
Ulithi,ULI
Balkanabat,BKN
Lake Macquarie,BEO
Hampton,4A7
Brampton Island,BMP
Alameda,NGZ
Wilmington,ZWI
Fort McMurray,NML
Elkhart,EKI
Cochrane,YCN
Braganca Paulista,BJP
Brusselton,BQB
Garowe,GGR
Inverell,IVR
Glen Innes,GLI
Immokalee,IMM
Yichun,YIC
New Carrollton,ZRZ
Petersburg,PTB
Kasongo,KGN
Sheboygan,SBM
Cloudbreak,KFE
Ephraim,3D2
Bajura,BJU
Thanh Hoa,THD
Marana,MZJ
Glendale,GEU
Safford,SAD
Solomon,SLJ
Kerama,KJP
Comino,JCO
Sikeston,SIK
Nynashamn,NYN
Rodby,ROD
Puttgarden,QUA
Belfast,BE2
Stranraer,SR2
Oceano,L52
Tetiaroa,TTI
Queensbury,GFL
Ballston Spa,5B2
Mechanicville,K27
Mamuju,MJU
Crystal River,CGC
Baltimore,MTN
Lincoln,LHM
Fostoria,FZI
Fryeburg,IZG
New Orleans,NEW
Coeur d'Alene,COE
Beaumont,BMT
Danville,DNV
Coonabarabran,COJ
Cocoa,COI
Valkaria,X59
Titusville,TIX
Sebastian,X26
Terrace Bay,TCY
Colombo,KEZ
Kandy,KDZ
NYERI,NYE
Effingham,1H2
Houston,AAP
Eden Prairie,FCM
Likoma Island,LIX
Olathe,OJC
Sigiriya,GIU
Vienna,XWW
Neumuenster,EUM
Tak,TKT
Barrie-Orillia,YLS
Midland,YEE
Markham,NU8
Haliburton,ND4
Lindsay,NF4
Saint Catherines,YCM
Orlando,X04
Chatham,XCM
Parry Sound,YPD
West Goshen Township,OQN
Manassas,MNZ
Bingol,BGG
Kastamonu,KFS
Hanksville,UT3
Glasgow,GLQ
Shelbyville,2H0
Lvliang,LLV
Daocheng,DCY
Xiahe city,GXH
Peach Springs,1G4
Comiso,CIY
Tarentum,9G1
Newburyport,2B2
Kulik Lake,LKK
Glasgow,ZGG
London,QQU
London,QQW
Markovo,KVM
Zyryanka,ZKP
Ust-Maya,UMS
Aldan,ADH
Xinyuan,NLT
Port alsworth,PTA
Belfort,BOR
Belo Horizonte,BHZ
Winnsboro,FDW
Obock,OBC
Tadjoura,TDJ
Santa Cruz des Quiche,AQB
Nordfjordur,NOR
Bursa,BTZ
Rochester,DAW
Waris-Papua Island,WAR
Port Oceanic,PRL
Newton,EWK
Bairnsdale,BSJ
Columbus,TZR
Ocean Shores,W04
Packwood,55S
Fort Bridger,FBR
Prosser,S40
Chehalis,CLS
Mattawa,M94
Lebanon,S30
Evanston,EVW
Sabetha,K83
Mount Pleasant,LRO
Americus,ACJ
Eufala,EUF
Saluda,6J4
Manteo,MQI
Auburn,AUO
Endicott,CZG
Bessemer,EKY
Ellicott,A50
Tamchy,ИКУ
Crystal,MIC
Quitman,23M
Dublin,DBN
Utica,UCA
Pukarua,PUK
Corvallis,CVO
Prominent Hill,PXH
Chatsworth,CWT
Ganges,YGG
Pender Harbour,YPT
Mansons Landing,YMU
Port McNeill,YMP
Sullivan Bay,YTG
Deer Harbor,DHB
San Diego,OLT
